dataset,distribution,n_placements,mean,sd,range,best,n_optima,swap_edges,rho_swap,fdc
cifar10-valid,0;0;0;0;6,1,37.34800000610352,0.0,0.0,37.34800000610352,1,0,nan,nan
cifar10-valid,0;0;0;1;5,6,73.57511110168457,4.34215525786054,13.116000004882821,81.27733332682293,1,30,-0.19999999999999993,-0.793278519557359
cifar10-valid,0;0;0;2;4,15,82.9001333326009,2.517946104818567,9.12600000651041,85.91999998942056,1,120,0.13219467276136707,-0.23755400662458964
cifar10-valid,0;0;0;3;3,20,86.78423333746336,1.4634738499537507,5.852000026855464,88.96400000244141,1,180,0.20248019784860435,-0.4633835615699449
cifar10-valid,0;0;0;4;2,15,88.90351111257596,0.6027353138347905,2.0899999841308556,89.7900000012207,1,120,0.13333560078859227,-0.6521122087807547
cifar10-valid,0;0;0;5;1,6,89.85533333028157,0.30742731408608037,0.8999999890136792,90.40999999023438,1,30,-0.19999999999999996,-0.8068719334157503
cifar10-valid,0;0;0;6;0,1,90.19866665364583,0.0,0.0,90.19866665364583,1,0,nan,nan
cifar10-valid,0;0;1;0;5,6,71.72322221876357,3.8625976264921715,11.600000029296865,78.25000000366211,1,30,-0.2,-0.7556737828952956
cifar10-valid,0;0;1;1;4,30,82.16646666303168,2.710361594756762,9.698000023193345,86.29600001098632,1,270,0.2440076130056567,-0.31830154098012986
cifar10-valid,0;0;1;2;3,60,86.49239999910479,1.6521375096133986,8.220000011393239,88.83199999186199,1,660,0.30285468955930456,-0.34782551088939023
cifar10-valid,0;0;1;3;2,60,88.72255555144585,0.6962630110388812,2.891999997558571,89.93199999633788,1,660,0.3485933675088379,-0.6239101580080916
cifar10-valid,0;0;1;4;1,30,89.79015554866538,0.2737231185378824,1.0973333288574025,90.3493333251953,1,270,0.13555826708584667,-0.5621299493175019
cifar10-valid,0;0;1;5;0,6,90.1489999871148,0.24564224145739189,0.7346666658528562,90.64666665120443,1,30,-0.19999999999999998,-0.9060465206941833
cifar10-valid,0;0;2;0;4,15,80.44515554630534,3.0328929849924533,9.384000019531243,84.04000000976562,1,120,0.11788719214707113,-0.22326243544535862
cifar10-valid,0;0;2;1;3,60,85.95517777669947,1.8260824406915313,8.76933333577476,88.52799999837241,1,660,0.30596583406689287,-0.27498267536840915
cifar10-valid,0;0;2;2;2,90,88.4780518435782,0.7548186083563984,3.451999990234384,89.97199998046875,1,1080,0.37146604781927406,-0.45352290250504074
cifar10-valid,0;0;2;3;1,60,89.73194443764919,0.3304353187697185,1.467999993896484,90.41799999145508,1,660,0.29791838508641777,-0.24083493417682653
cifar10-valid,0;0;2;4;0,15,90.11382221384007,0.2544964475009243,0.8479999918619683,90.49599998535156,1,120,0.13679475689705986,-0.41197723251415824
cifar10-valid,0;0;3;0;3,20,84.47816667004396,2.114942908391641,8.97400001098633,86.79800000488281,1,180,0.1225720055013886,-0.046602158678236
cifar10-valid,0;0;3;1;2,60,88.1099888869629,0.7598939027306671,3.387999983723958,89.62799999104817,1,660,0.2788688513718497,-0.46195413305121696
cifar10-valid,0;0;3;2;1,60,89.51727777167424,0.363901944728426,1.4946666585286437,90.18399999267578,1,660,0.2955652731748302,-0.5551345098126143
cifar10-valid,0;0;3;3;0,20,90.05199998803711,0.2662812199815334,1.1239999914550651,90.71199998168944,1,180,0.20378931941371803,-0.6493983603639607
cifar10-valid,0;0;4;0;2,15,86.68155555761719,0.6422147133293683,2.4146666528320395,87.46666666748047,1,120,0.09010659946837375,-0.6782174036616959
cifar10-valid,0;0;4;1;1,30,89.1362888809543,0.32411276683286744,1.3733333243815053,89.83999998779296,1,270,0.19426587182436567,-0.5499575480764001
cifar10-valid,0;0;4;2;0,15,89.89582221487088,0.29491949388151073,0.9160000012207092,90.40399999389649,1,120,0.15373065060147584,-0.7545735637199801
cifar10-valid,0;0;5;0;1,6,87.4256666587321,0.131896001796301,0.41599999389649156,87.65,1,30,-0.19999999999999998,-0.7606365528341115
cifar10-valid,0;0;5;1;0,6,89.33899999355738,0.16236937603180493,0.46666666422525793,89.57066665934245,1,30,-0.20000000000000004,-0.6380789598090582
cifar10-valid,0;0;6;0;0,1,86.50933334391276,0.0,0.0,86.50933334391276,1,0,nan,nan
cifar10-valid,0;1;0;0;5,6,36.28266666195339,2.2830113635188782,5.8799999911499015,38.64999998962402,1,30,-0.19999999999999998,-0.4637312218992404
cifar10-valid,0;1;0;1;4,30,74.82591110460068,5.039217856617714,14.854000006103519,82.63199998901368,1,270,0.2842581782509814,-0.4790962436598115
cifar10-valid,0;1;0;2;3,60,84.27065555262588,2.4315086564438024,11.887333321126306,88.70133333577473,1,660,0.2990021659215857,-0.5444065987438429
cifar10-valid,0;1;0;3;2,60,87.94988888836671,1.303864420181029,5.202000009358727,90.87799999633789,1,660,0.25713782753060843,-0.5818611892866508
cifar10-valid,0;1;0;4;1,30,89.66695555326332,0.6744575337748825,2.837999992675776,91.38999999023437,1,270,0.3031011744669656,-0.7519024107179964
cifar10-valid,0;1;0;5;0,6,90.22588888522678,0.6165486246667584,1.861333324381505,91.5533333235677,1,30,-0.19999999999999998,-0.9628619322891693
cifar10-valid,0;1;1;0;4,30,73.47782221698677,4.408930949795231,14.547333329671247,81.55733332600913,1,270,0.2810286626978163,-0.5307838013854421
cifar10-valid,0;1;1;1;3,120,83.80163888755628,2.525934230725847,11.540000004069014,88.2933333186849,1,1440,0.3883473542072346,-0.3048132492035716
cifar10-valid,0;1;1;2;2,180,87.86411480940302,1.2844384378724634,6.25999997680664,91.02799998046875,1,2340,0.3848181838853227,-0.5217400562513302
cifar10-valid,0;1;1;3;1,120,89.5911833278639,0.7144343425373817,3.5426666434732965,91.48799998657226,1,1440,0.44784360528032297,-0.5949245668799258
cifar10-valid,0;1;1;4;0,30,90.18266665810819,0.6411377804754113,2.266666655273454,91.60666665039064,1,270,0.30861755927532736,-0.6012110849651728
cifar10-valid,0;1;2;0;3,60,82.32549999498835,2.7835750929707976,12.06600000488281,87.24800001098633,1,660,0.33422058833650553,-0.6567129500120767
cifar10-valid,0;1;2;1;2,180,87.47559999641928,1.2006728536610376,6.097333325602207,90.42933333170572,1,2340,0.3801561433169439,-0.4857128633833872
cifar10-valid,0;1;2;2;1,180,89.42484443362765,0.702527478666829,3.317999997965515,91.32399998209637,1,2340,0.46141595454188544,-0.5379845846386078
cifar10-valid,0;1;2;3;0,60,90.1589999912584,0.6170139955029069,2.4380000036621112,91.51599999023438,1,660,0.3827525416996366,-0.4587628842364298
cifar10-valid,0;1;3;0;2,60,86.0787888898858,1.1275309067361388,4.901999988199876,88.3339999963379,1,660,0.30666719950662263,-0.6082992215335226
cifar10-valid,0;1;3;1;1,120,88.9754388853319,0.634837691144672,3.043333333740236,90.53399998657227,1,1440,0.39860468688950307,-0.5003783737011999
cifar10-valid,0;1;3;2;0,60,89.98632221490479,0.5403079559320362,2.2839999890136937,91.33599998535158,1,660,0.36353474835709204,-0.5634000437258462
cifar10-valid,0;1;4;0;1,30,87.33859999876573,0.5287786701385789,1.9039999906412675,88.53599999389648,1,270,0.2899267903667769,-0.6863827456035608
cifar10-valid,0;1;4;1;0,30,89.54013332449,0.4768016073339205,1.8339999963378943,90.81599998779296,1,270,0.2823351967946837,-0.7636533294329783
cifar10-valid,0;1;5;0;0,6,86.85366667894152,0.6917710728754837,1.925999990641273,88.38800000406901,1,30,-0.19999999999999996,-0.9919101129416299
cifar10-valid,0;2;0;0;4,15,34.179199998107904,2.230027550198755,6.155999996032719,38.5119999987793,1,120,0.10128695803850844,-0.4554637052641004
cifar10-valid,0;2;0;1;3,60,75.90322222137452,5.337030037799419,16.448000029296878,84.55000000976563,1,660,0.4208743506919951,-0.26595913192672993
cifar10-valid,0;2;0;2;2,90,85.31793332984302,2.1171589791206973,8.717999958496094,89.76799997680664,2,1080,0.38733131089054623,-0.26622147034843274
cifar10-valid,0;2;0;3;1,60,89.04918888785808,1.3119175927253466,4.746666653238918,91.01066666422525,1,660,0.1572460520359039,-0.3131231740002173
cifar10-valid,0;2;0;4;0,15,90.258044441352,0.8105088057866318,2.267999987792976,91.28399999511718,1,120,0.06440389972470285,-0.3878322648470274
cifar10-valid,0;2;1;0;3,60,75.09308888420274,4.538013869404817,15.495333294677721,83.15399997192382,1,660,0.40198131514767566,-0.32062683879160353
cifar10-valid,0;2;1;1;2,180,85.13118147988327,2.03700041624103,8.92800000976564,89.34399999348959,1,2340,0.44135877417045205,-0.197102657473756
cifar10-valid,0;2;1;2;1,180,88.86026665750461,1.229691136713185,5.0473333374023355,90.93333333251952,1,2340,0.2923262218924645,-0.33541471263758904
cifar10-valid,0;2;1;3;0,60,90.22541110543483,0.7913438540966837,2.631333336995425,91.41800000122069,1,660,0.2923227151779196,-0.3628724028405683
cifar10-valid,0;2;2;0;2,90,83.86982221632667,2.038548391446669,7.320000032958987,87.66000000976562,1,1080,0.4065071642070691,-0.5811514857575646
cifar10-valid,0;2;2;1;1,180,88.487251846639,1.0580056475736024,4.728666648762996,90.58199998046874,1,2340,0.3030966888098435,-0.3622672851723624
cifar10-valid,0;2;2;2;0,90,90.04905924687138,0.6735912411373006,2.3486666540527352,91.30199997436523,1,1080,0.3642021726859525,-0.24070583601670723
cifar10-valid,0;2;3;0;1,60,86.92747777697076,0.8512522786843075,2.8699999914550745,88.3540000012207,1,660,0.19960028774346542,-0.292118220826542
cifar10-valid,0;2;3;1;0,60,89.68148888433161,0.5221912124141399,1.8040000028482979,90.69999999389648,1,660,0.2871311603783544,-0.404953335960759
cifar10-valid,0;2;4;0;0,15,87.26946666587997,0.7176987554968329,2.060666650797529,88.54999998901368,1,120,0.0834942713972812,-0.4169721995359789
cifar10-valid,0;3;0;0;3,20,34.17859999974569,1.9086617400596813,5.0626666621907574,37.52933332845052,1,180,-0.1874415686766878,0.0014579129379261792
cifar10-valid,0;3;0;1;2,60,77.06017777730982,5.2126385958953625,16.793333346354174,85.38400000569662,1,660,0.42885436879373,-0.2598779117510405
cifar10-valid,0;3;0;2;1,60,86.06579999680585,2.0817396567808526,6.105333323567706,89.57599999023438,1,660,0.3313353445138803,-0.5919378838929228
cifar10-valid,0;3;0;3;0,20,89.83939999715169,1.1101120031018972,3.7079999780273454,91.00399999023438,1,180,-0.172476545230858,-0.27586579655156585
cifar10-valid,0;3;1;0;2,60,76.53726666115315,4.312819603839384,14.68400001953124,83.7280000048828,1,660,0.4228604006217509,-0.38917566476037224
cifar10-valid,0;3;1;1;1,120,86.01062777526516,1.9757144386562442,5.953999989827466,89.40799998860676,1,1440,0.38979070702684987,-0.30346748222301945
cifar10-valid,0;3;1;2;0,60,89.62962220876737,1.1203615523843644,4.83399998657228,91.00799998168947,1,660,0.04131524826508292,-0.143567133448508
cifar10-valid,0;3;2;0;1,60,84.8923888923611,1.6208714877826222,5.655333356526697,87.63800001342773,1,660,0.33396041656698167,-0.6348515243321512
cifar10-valid,0;3;2;1;0,60,89.26101110264759,0.9376932935305285,4.3959999902343725,90.65199997924805,1,660,0.05802376361514648,-0.1278187704613777
cifar10-valid,0;3;3;0;0,20,87.21706666355388,0.4937067675239067,1.8139999902343789,87.91999999145509,1,180,-0.15827191323781356,-0.25594682863765233
cifar10-valid,0;4;0;0;2,15,34.107466662339945,2.753314136968473,11.179333334045417,43.56133333129883,1,120,-0.043694661998646994,-0.5867689024743311
cifar10-valid,0;4;0;1;1,30,78.06024444223361,4.547612332747681,11.035999983723954,85.38133332438152,2,270,0.3298031362123207,-0.42761496792542547
cifar10-valid,0;4;0;2;0,15,86.68639999061413,1.9931844263141902,4.774666672363296,89.42799998779297,1,120,0.0922748912143389,-0.28375503918971356
cifar10-valid,0;4;1;0;1,30,77.85353332820635,3.976647427584751,11.702666671549466,84.02266665445963,1,270,0.3226538892754179,-0.4395325457187343
cifar10-valid,0;4;1;1;0,30,86.6391999986301,1.8768901124843325,4.458666644287121,89.37999999145508,1,270,0.1828737490965239,-0.4984349712467085
cifar10-valid,0;4;2;0;0,15,85.49644444943576,1.3136015654049502,3.1993332999674493,87.14999998046875,1,120,0.14698001283892514,-0.4525316212346715
cifar10-valid,0;5;0;0;1,6,41.591333333265524,5.6056150042381105,12.67600001261394,46.48533333577475,1,30,-0.19999999999999993,-0.39044125146736297
cifar10-valid,0;5;0;1;0,6,78.33822222398545,4.5588330234422045,10.23333331542969,85.15599999023438,1,30,-0.2,-0.6688121483031773
cifar10-valid,0;5;1;0;0,6,77.10511111368815,5.071861397712293,11.251999998372398,84.70666666910807,1,30,-0.20000000000000004,-0.6702704835083636
cifar10-valid,0;6;0;0;0,1,39.76933332316081,0.0,0.0,39.76933332316081,1,0,nan,nan
cifar10-valid,1;0;0;0;5,6,55.909555551249184,6.268448982350089,14.753333318684888,65.1293333247884,1,30,-0.19999999999999998,-0.6577719591281175
cifar10-valid,1;0;0;1;4,30,78.33828888216145,5.861460742867215,20.742000001220703,86.6440000012207,1,270,0.11727992553721818,-0.2003862766279178
cifar10-valid,1;0;0;2;3,60,84.23112221957737,4.322382332646892,23.23399999674477,89.12599998291014,1,660,0.17845010019840749,-0.013023185540671046
cifar10-valid,1;0;0;3;2,60,87.64839999898952,1.983653856521791,10.03600000976563,89.6699999987793,1,660,0.16602847580416866,-0.23284316055085613
cifar10-valid,1;0;0;4;1,30,89.19135555486382,0.620673024799063,2.157999990234387,90.05399999267578,1,270,0.15437632956837102,-0.12781091545327514
cifar10-valid,1;0;0;5;0,6,89.70488888631185,0.37364880539773176,1.0919999910481835,90.01733332763672,1,30,-0.19999999999999993,-0.3739591830091248
cifar10-valid,1;0;1;0;4,30,76.06628888269044,5.257494635864754,18.28799997192384,84.66399997436524,1,270,0.127184896546077,-0.24111081151909566
cifar10-valid,1;0;1;1;3,120,83.39156666622586,4.504720217696733,22.723333344319656,88.66600000610352,1,1440,0.28356254382350154,-0.017246879624584488
cifar10-valid,1;0;1;2;2,180,87.37285554950856,2.266998169901193,13.724000003255213,90.00799999104818,1,2340,0.30866093493375335,-0.220098920676867
cifar10-valid,1;0;1;3;1,120,89.14276666475762,0.595499109225935,2.7259999890136726,90.29799999267578,1,1440,0.3189277252073416,-0.19235807532947546
cifar10-valid,1;0;1;4;0,30,89.6656222157525,0.48128456590915186,1.811999993489593,90.42133332275391,1,270,0.2556476918954978,-0.3426578223428672
cifar10-valid,1;0;2;0;3,60,81.8354222169732,4.398492398011528,20.681333351236972,86.93333333902994,1,660,0.24453667082628394,-0.5864380341480506
cifar10-valid,1;0;2;1;2,180,86.80458888510245,2.45235357490298,13.585999996744803,89.53599998942057,1,2340,0.3299549744663393,-0.19520919073337945
cifar10-valid,1;0;2;2;1,180,89.00157036033573,0.7272997961181183,4.129999982910164,90.25599997802735,1,2340,0.3313593360957152,-0.15415427093113107
cifar10-valid,1;0;2;3;0,60,89.67609999357774,0.48223448491544,1.8279999853515676,90.55999998901368,1,660,0.32859001000951893,-0.390809400729425
cifar10-valid,1;0;3;0;2,60,85.32274444382055,2.6417014929366207,11.643999986979168,87.50933331868491,1,660,0.20840720784614508,-0.25350589602267054
cifar10-valid,1;0;3;1;1,120,88.4151833305359,0.8743603804004038,3.5820000085449237,89.78200000366212,1,1440,0.29993924553797563,-0.264549331355446
cifar10-valid,1;0;3;2;0,60,89.38226666069878,0.7405889944676532,3.762666654052751,90.28399999877931,1,660,0.16701467451126578,-0.09022821910163376
cifar10-valid,1;0;4;0;1,30,86.86628889242894,0.47286526618626684,1.8599999910481841,87.50400000732422,1,270,0.23163528168378922,-0.2508506325293138
cifar10-valid,1;0;4;1;0,30,88.70013332558867,1.0417070056679663,3.537999982096366,89.68999998779297,1,270,0.05174414819632997,-0.2601383859814235
cifar10-valid,1;0;5;0;0,6,86.34766667466904,0.404441044916791,1.3080000122070317,86.84400000732421,1,30,-0.19999999999999996,-0.5488241538611858
cifar10-valid,1;1;0;0;4,30,58.73077777464463,8.637203505530005,25.963333327229833,77.23399998901368,1,270,0.31510530772998585,-0.5365505539144486
cifar10-valid,1;1;0;1;3,120,80.72522777429116,5.868886511211507,42.48800000579834,88.41400000366211,1,1440,0.2623559631291195,-0.1957743491870406
cifar10-valid,1;1;0;2;2,180,86.38326666091353,3.3193201677630677,20.35000001342773,90.99400001464844,1,2340,0.26198580822931383,-0.20044057323960804
cifar10-valid,1;1;0;3;1,120,88.99187777563138,0.8954390613271872,4.097333311360671,91.08266665445963,1,1440,0.30164487095036246,-0.2702151685899521
cifar10-valid,1;1;0;4;0,30,89.81959999612086,0.754092192613354,3.137999991455075,91.34399999267578,1,270,0.21909350117239432,-0.565522487611468
cifar10-valid,1;1;1;0;3,120,78.91984443736098,4.7370586080721795,20.61200002563477,87.22000000976563,1,1440,0.29547786057223235,-0.3897251209777771
cifar10-valid,1;1;1;1;2,360,85.87536296223732,3.4744198689842585,21.637333309733066,90.6106666463216,1,5040,0.33884545453715886,-0.15694485421373747
cifar10-valid,1;1;1;2;1,360,88.84831110163937,1.0158281052124158,6.202666658528642,91.344,1,5040,0.3739048772473479,-0.2073718712186463
cifar10-valid,1;1;1;3;0,120,89.80862777313571,0.6810889371270917,2.987999973958324,91.50533331298827,1,1440,0.398014158744449,-0.44838756194306434
cifar10-valid,1;1;2;0;2,180,84.43566666738552,3.2079472479452225,17.290000002441403,88.13600001098632,1,2340,0.28869546480248687,-0.26512527282864645
cifar10-valid,1;1;2;1;1,360,88.3412018448475,1.1024340560292014,5.437999985351581,90.58599998046876,1,5040,0.3816761274590474,-0.15083802027738563
cifar10-valid,1;1;2;2;0,180,89.5902036928869,0.8004880429346453,5.563999976399742,91.41599997314454,1,2340,0.32883852375197287,-0.3910690773405295
cifar10-valid,1;1;3;0;1,120,86.87872777720135,0.686603118644098,3.341999988199859,88.6539999987793,1,1440,0.33707883671143196,-0.39407335785477143
cifar10-valid,1;1;3;1;0,120,89.0105555518765,1.0417836272503722,4.746666657307955,90.83466665364584,1,1440,0.2949184112605654,-0.4611351932797155
cifar10-valid,1;1;4;0;0,30,86.70822222414822,0.7001926111201058,3.172666644287105,88.40599999145508,1,270,0.2617788911432133,-0.590173113404858
cifar10-valid,1;2;0;0;3,60,61.18978888346014,9.341341038573821,26.358666655680345,78.74799998413087,1,660,0.43493168830934803,-0.40060288658455384
cifar10-valid,1;2;0;1;2,180,83.21357406997342,4.029136231196498,19.13333334228514,89.25866666178383,1,2340,0.3161018900587808,-0.07900813168332885
cifar10-valid,1;2;0;2;1,180,88.03116665861906,2.161227558739412,13.056000012207022,90.97999999633788,1,2340,0.23070452901545702,-0.07830404373430559
cifar10-valid,1;2;0;3;0,60,89.82766666438125,0.9186941377588075,2.7073333223470115,91.36599999145508,1,660,0.273369881494153,-0.39909014500767426
cifar10-valid,1;2;1;0;2,180,81.53419629166441,3.8368861907260614,17.222000028076167,87.2700000048828,1,2340,0.3094038834688001,-0.2516820594906312
cifar10-valid,1;2;1;1;1,360,87.63284073699498,2.1889629215573208,14.241999979248035,90.72399998413086,1,5040,0.31541334032222196,-0.052826249948980275
cifar10-valid,1;2;1;2;0,180,89.64116665394197,0.9132015062121605,4.33599998046877,91.15066664713542,1,2340,0.2944226870945675,-0.01673813712568794
cifar10-valid,1;2;2;0;1,180,86.07673703707547,1.6681743729351208,10.502000013427732,88.13600000732421,1,2340,0.21881365693784516,-0.09947249216867732
cifar10-valid,1;2;2;1;0,180,89.16022591697862,1.0124063342271685,4.738666635742177,90.65466664713541,2,2340,0.32479064294527876,-0.25840906528611046
cifar10-valid,1;2;3;0;0,60,86.9835000002238,0.7108051400276795,2.144666653645828,88.14266666097005,1,660,0.2944442656553923,-0.4303301685806636
cifar10-valid,1;3;0;0;2,60,64.55365555180529,9.260478419976355,29.90600000528972,82.4299999963379,1,660,0.43321151171384215,-0.4471034083132447
cifar10-valid,1;3;0;1;1,120,84.93292777482435,3.0316126339688863,11.87733333007813,89.29866666259765,1,1440,0.26674806084714736,-0.24340403341613753
cifar10-valid,1;3;0;2;0,60,89.0934555476481,1.43907042036083,8.317333322753925,91.0613333178711,1,660,0.06988085719186886,-0.07969349889165343
cifar10-valid,1;3;1;0;1,120,83.76026666500177,2.504971956452847,9.728000010986335,87.11800000122071,1,1440,0.24900333180547815,-0.15817336208056984
cifar10-valid,1;3;1;1;0,120,88.67623332661607,1.5408091084138202,8.390666653645823,90.46266664632161,1,1440,0.21451772534781816,-0.02431481890239926
cifar10-valid,1;3;2;0;0,60,86.79751111516657,0.8990055436455083,5.543333354085291,87.97733333821616,1,660,-0.011307341325091763,-0.04214497978761608
cifar10-valid,1;4;0;0;1,30,69.5204666589491,7.605459888220874,23.505333343505868,82.52800000244142,1,270,0.30861123733246737,-0.4721721876960212
cifar10-valid,1;4;0;1;0,30,86.07484444546171,2.335618844881908,7.049333324381507,89.24133332763672,1,270,0.06543919692422809,-0.29883255084062693
cifar10-valid,1;4;1;0;0,30,85.05911110982257,1.4579967938336251,4.606666662597647,87.16666666015625,1,270,0.06124769638515674,-0.3523803268674496
cifar10-valid,1;5;0;0;0,6,73.06111110188802,6.773624727873554,14.654666671549492,82.8559999975586,1,30,-0.2,-0.6466858818632241
cifar10-valid,2;0;0;0;4,15,65.87071110835775,3.7425147220660953,11.623999995117188,71.688,1,120,0.15247347012812323,-0.627218500468393
cifar10-valid,2;0;0;1;3,60,77.71602221806506,7.52204141871042,26.140000002034498,88.67199999267578,1,660,0.25036686905635736,-0.3335568254639354
cifar10-valid,2;0;0;2;2,90,83.74858518001301,5.893446698624195,26.20666666056315,89.26799998657226,1,1080,0.2526077056150909,-0.06423265538062548
cifar10-valid,2;0;0;3;1,60,87.16708888791233,3.9749454893837193,18.395999999999987,89.80799999267578,1,660,0.13310573079911184,-0.32987714888921715
cifar10-valid,2;0;0;4;0,15,88.84417777560765,1.0536639818154683,3.3519999853515685,89.86599999389648,1,120,0.17430579400563187,-0.5945178275179457
cifar10-valid,2;0;1;0;3,60,75.93542221526421,6.7471230941860245,23.216000012207026,86.386,1,660,0.2641254172689826,-0.25701442491116
cifar10-valid,2;0;1;1;2,180,83.04009629424597,5.9665490635793175,26.582666658528638,88.91999999755859,1,2340,0.33897838891877763,0.02338361757970942
cifar10-valid,2;0;1;2;1,180,86.89497036291503,4.057334560801904,18.337999986572257,90.08199998168945,1,2340,0.2880525089716219,-0.05837708218985881
cifar10-valid,2;0;1;3;0,60,88.77552221993001,1.0459578692540905,4.330666656901045,90.23733332519532,1,660,0.21651874454817827,0.09203490940708263
cifar10-valid,2;0;2;0;2,90,81.43898518461553,5.680688236723992,24.76200001464843,87.02600000854491,1,1080,0.29732228476208156,-0.4562492045830155
cifar10-valid,2;0;2;1;1,180,86.2950111052834,4.064574677568812,17.765333319091795,89.54799998413085,1,2340,0.306243476275624,-0.28098753526858383
cifar10-valid,2;0;2;2;0,90,88.54393332549373,1.2622182164419367,5.8246666385905,90.30599998413086,1,1080,0.27741398081061114,-0.12357811617324506
cifar10-valid,2;0;3;0;1,60,84.80766666510009,3.800244856497516,15.612666647542312,87.34266665364584,1,660,0.18510219715497866,-0.22110941076424326
cifar10-valid,2;0;3;1;0,60,87.74812221929255,1.4908988566802992,5.587333331705736,89.79733332682292,1,660,0.21189067403759015,-0.3551617887402787
cifar10-valid,2;0;4;0;0,15,85.7756000047743,0.9283541716369453,2.533999995117199,86.57599999389649,1,120,0.18260010622405168,-0.19534044010367813
cifar10-valid,2;1;0;0;3,60,69.81445555025228,5.725552607067116,29.148000005086267,84.5453333219401,1,660,0.33293603752609113,-0.6637674947374411
cifar10-valid,2;1;0;1;2,180,81.3344814791678,6.772724624153255,26.56533332641601,88.7373333227539,1,2340,0.34338412160499704,-0.1830445468949821
cifar10-valid,2;1;0;2;1,180,86.57846295710586,4.5272629611818545,20.003999981689446,91.11199999145508,1,2340,0.2689565832123775,-0.17433293553978887
cifar10-valid,2;1;0;3;0,60,88.83137777696398,1.3964044001133664,6.887333325602228,91.08600000366212,1,660,-0.022798133195904964,-0.1257677755819146
cifar10-valid,2;1;1;0;2,180,79.72035184917536,6.197740342062674,24.192000010986334,87.2119999987793,1,2340,0.35501347747120504,-0.21979378012065534
cifar10-valid,2;1;1;1;1,360,86.00761481261189,4.51687574707101,19.459999970703123,90.5453333178711,1,5040,0.3504349283723302,-0.09225822201531406
cifar10-valid,2;1;1;2;0,180,88.69149999005806,1.4974216372413116,6.858666632080073,91.28799997924804,1,2340,0.22391570030677632,-0.10140705932604445
cifar10-valid,2;1;2;0;1,180,84.5926481495836,4.1038240280785825,16.29666665893555,87.97066666748047,1,2340,0.29869963285896384,-0.182665817698342
cifar10-valid,2;1;2;1;0,180,88.02329999345342,1.634813948541415,6.62399997680663,90.71399998046874,1,2340,0.2808539059161268,-0.07271697644216202
cifar10-valid,2;1;3;0;0,60,86.23167777990722,0.9143945610426313,4.202666656494131,88.27999999145507,1,660,0.06379397310666236,-0.3495110056673727
cifar10-valid,2;2;0;0;2,90,74.61970369822411,5.231150854274944,21.48266666544597,84.56399999389649,1,1080,0.34841533229513666,-0.4178110305264815
cifar10-valid,2;2;0;1;1,180,84.68903703376374,5.244086686313724,17.562666656901058,89.28399999755861,1,2340,0.3001934295619442,-0.23442078637995847
cifar10-valid,2;2;0;2;0,90,88.59077036465567,1.7174695970064857,6.78400000976562,90.95200001464843,1,1080,0.12456508012930785,-0.14638889412280182
cifar10-valid,2;2;1;0;1,180,83.26284074138499,4.617807596362731,15.800000008138014,87.18000000976562,1,2340,0.29312853442912207,-0.09133425136795485
cifar10-valid,2;2;1;1;0,180,88.07537036667436,1.7875175185693535,6.44599996297201,90.63799997680664,1,2340,0.2995086751790378,0.01707011908744906
cifar10-valid,2;2;2;0;0,90,86.34271111149087,0.9754145706486805,3.9426666809082036,88.22800001342773,1,1080,0.12233901153126352,-0.25613583392570055
cifar10-valid,2;3;0;0;1,60,78.85839999479846,4.0176055666524295,13.782666661783864,84.4959999975586,1,660,0.20312477043932098,-0.4066029475674238
cifar10-valid,2;3;0;1;0,60,87.36018888441298,2.4560324069245456,6.77733330729167,89.24266665364583,1,660,0.18691357779719206,-0.10992683416955869
cifar10-valid,2;3;1;0;0,60,85.78911111017524,1.462701957744816,4.599333342285149,87.11333333984375,1,660,0.14765726843842059,-0.0990546994790151
cifar10-valid,2;4;0;0;0,15,83.03279998725044,0.9368598534082343,2.320000020345063,84.44133333658856,1,120,0.05798788759144075,-0.6724323665778338
cifar10-valid,3;0;0;0;3,20,58.762866666244506,21.024756620349283,62.361999995422366,72.07399999511719,1,180,0.047137278844193796,-0.007893833906795036
cifar10-valid,3;0;0;1;2,60,67.44596666585116,25.39305813842172,79.12999999491375,88.84199999511719,1,660,0.20766366666666067,-0.034701171158962596
cifar10-valid,3;0;0;2;1,60,72.9041222187195,27.105420823095095,79.47466665395099,89.18666665283202,1,660,0.19502432655551333,-0.10800859520390577
cifar10-valid,3;0;0;3;0,20,76.32693333147431,28.00556485714793,79.81599999760945,89.52799999633788,1,180,0.009492251248687517,-0.3270522239683922
cifar10-valid,3;0;1;0;2,60,65.98972221859742,24.542329301777897,76.88999999623617,86.6019999963379,1,660,0.21375470215736309,-0.23844530048659884
cifar10-valid,3;0;1;1;1,120,72.18082221927897,26.804986224229417,79.15400000396728,88.86600000244141,1,1440,0.26380759993372943,-0.26914932488573334
cifar10-valid,3;0;1;2;0,60,76.02623332725186,27.879487602624547,80.01799998118084,89.72999998046876,1,660,0.1867417796475559,-0.1714604271065579
cifar10-valid,3;0;2;0;1,60,70.9384111095615,26.20910984290064,77.1680000181071,86.88000001708984,1,660,0.2008314102771887,-0.28272190812927545
cifar10-valid,3;0;2;1;0,60,75.46785555326333,27.65470402949354,79.82399999216716,89.53599999267578,1,660,0.18782029928870025,-0.24828784115294958
cifar10-valid,3;0;3;0;0,20,74.00446666559854,27.04342855284485,76.86200000101725,86.5740000012207,1,180,0.009194222465483726,-0.3308622958122082
cifar10-valid,3;1;0;0;2,60,63.03140000161912,23.123952034926702,74.90200000396729,84.61400000366211,1,660,0.22133213495385937,-0.3782068632741462
cifar10-valid,3;1;0;1;1,120,71.27662777652527,26.594371384798944,79.12666665186563,88.83866665201822,1,1440,0.26694685130536683,-0.02783997113496446
cifar10-valid,3;1;0;2;0,60,76.1713444388699,27.95872625323456,81.18399999745687,90.89599999633789,1,660,0.18122480872135854,-0.16236444318384838
cifar10-valid,3;1;1;0;1,120,69.97572222210354,25.924063626169836,77.22666665598553,86.93866665608725,1,1440,0.2716646683213465,-0.21967356048987977
cifar10-valid,3;1;1;1;0,120,75.57272222177632,27.70883513718046,80.79599998626709,90.50799998453776,1,1440,0.2510505646028647,-0.16247580296778535
cifar10-valid,3;1;2;0;0,60,74.32589999986438,27.15536068481864,78.28933334493003,88.00133334391278,1,660,0.18250673259869726,-0.17254466687624992
cifar10-valid,3;2;0;0;1,60,67.67901110894944,24.967071724944315,74.88799999176025,84.59999999145508,1,660,0.2013279512494146,0.016006246497768047
cifar10-valid,3;2;0;1;0,60,75.3262999984758,27.63248092643605,79.68933332906087,89.40133332926432,1,660,0.18211635069898885,-0.19569605300664916
cifar10-valid,3;2;1;0;0,60,74.08168888987565,27.055162107508334,77.34666666778564,87.05866666666667,1,660,0.18226042411340468,-0.24253291264721424
cifar10-valid,3;3;0;0;0,20,73.04916665801493,26.613281370659067,74.95199999786377,84.66399999755859,1,180,-0.008273166732184872,0.10425015132745952
cifar10-valid,4;0;0;0;2,15,37.51533333464898,29.84891168234166,62.229333341776524,71.94133334147135,1,120,0.10160884160257,-0.5555264596804013
cifar10-valid,4;0;0;1;1,30,42.92153333379279,35.84942954369755,79.0679999937439,88.77999999389648,1,270,0.16222875856073596,-0.4176800032443285
cifar10-valid,4;0;0;2;0,15,46.40199999637179,39.22455176739962,79.06799999501546,88.77999999389648,1,120,0.06568352322958614,-0.5251926697222076
cifar10-valid,4;0;1;0;1,30,41.96546666658528,34.74363464824299,76.54266666290283,86.25466666178386,1,270,0.17050894149087759,-0.4065012793809949
cifar10-valid,4;0;1;1;0,30,46.02411111059569,38.82654350573903,79.32599999908446,89.03799999755859,1,270,0.1664553912850154,-0.36065088675485163
cifar10-valid,4;0;2;0;0,15,45.191555557183165,37.933227108422244,76.69733334228516,86.40933334147137,1,120,0.06860224239102149,-0.5282925156915395
cifar10-valid,4;1;0;0;1,30,40.76766666875713,33.461526530509914,74.92800001617431,84.64000001586913,1,270,0.19113662475158938,-0.42074014777299285
cifar10-valid,4;1;0;1;0,30,45.828044444149455,38.63341213827736,79.06799999145508,88.77999999186198,1,270,0.16044168897865155,-0.3620225397209703
cifar10-valid,4;1;1;0;0,30,45.08486666809758,37.81990159618853,76.71200000111898,86.424,1,270,0.16354313193142728,0.012851248807448751
cifar10-valid,4;2;0;0;0,15,44.53871110658095,37.23139150062721,74.76133332224529,84.47333332194012,1,120,0.06243881753582422,-0.5229996019127306
cifar10-valid,5;0;0;0;1,6,20.058666668582493,23.135850011800198,62.080000012512215,71.79200001220704,1,30,-0.1999999999999998,-1.0
cifar10-valid,5;0;0;1;0,6,22.866333332451717,29.41398352914352,78.92599999226888,88.63799999267579,1,30,-0.20000000000000012,-1.0
cifar10-valid,5;0;1;0;0,6,22.473666668887663,28.535954177325703,76.5700000121053,86.28200001220702,1,30,-0.19999999999999982,-1.0
cifar10-valid,5;1;0;0;0,6,22.151111108822292,27.814698018953937,74.6346666531372,84.34666665283203,1,30,-0.2000000000000001,-1.0
cifar10-valid,6;0;0;0;0,1,9.712000000508626,0.0,0.0,9.712000000508626,1,0,nan,nan
cifar100,0;0;0;0;6,1,9.989999997711182,0.0,0.0,9.989999997711182,1,0,nan,nan
cifar100,0;0;0;1;5,6,43.6499999786377,5.706335005900129,16.6066666402181,54.02666661783854,1,30,-0.20000000000000004,-0.8132341322798766
cifar100,0;0;0;2;4,15,58.398666649441196,4.080174801547443,13.813333336385085,63.473333315022785,1,120,0.15814358366923675,-0.2668004384913461
cifar100,0;0;0;3;3,20,64.77816664464316,2.4629227102294826,8.633333343505853,67.99333332519531,1,180,0.163863192045265,-0.5069568351220979
cifar100,0;0;0;4;2,15,68.61888886901856,1.0421442640997178,3.3299998657226553,69.93999990844726,1,120,0.11855260944765257,-0.6191367663048243
cifar100,0;0;0;5;1,6,70.3783332860311,0.7661030659727235,2.3500000427246164,71.48999995117188,1,30,-0.20000000000000004,-0.6489367663394282
cifar100,0;0;0;6;0,1,70.70666666259766,0.0,0.0,70.70666666259766,1,0,nan,nan
cifar100,0;0;1;0;5,6,41.089444426049134,5.261094236932879,15.0899999923706,49.58999997863769,1,30,-0.2000000000000001,-0.7225804825416902
cifar100,0;0;1;1;4,30,57.343777748853896,4.210879889536825,15.050000024414054,64.14999999084472,1,270,0.2519534068197932,-0.29463356540557384
cifar100,0;0;1;2;3,60,64.25666664932251,2.5033054470654506,10.230000015258781,68.14000001525878,1,660,0.3043147309007655,-0.3763535735719249
cifar100,0;0;1;3;2,60,68.28272219507853,1.3640140295369652,5.730000097656244,70.51000004882812,1,660,0.31128850514995837,-0.47790026482720543
cifar100,0;0;1;4;1,30,70.37455553554959,0.5881807987925053,2.9700000122070236,71.75000005493163,1,270,0.16605231603678586,-0.48961126736370286
cifar100,0;0;1;5;0,6,70.69055550028483,0.4462038304214535,1.2933334187825665,71.33999996337892,1,30,-0.19999999999999996,-0.6509141643708262
cifar100,0;0;2;0;4,15,54.52288886488172,5.271138310714192,15.12666664632161,61.53999998372396,1,120,0.15775491701036723,-0.18900898659612567
cifar100,0;0;2;1;3,60,63.61183330907185,2.6223008274691915,11.046666657511395,67.69999999084473,1,660,0.28919818806620023,-0.48699531596341505
cifar100,0;0;2;2;2,90,67.7973333062292,1.5314175735706075,6.246666644287103,70.27999997558594,1,1080,0.33678359777825456,-0.392172222952567
cifar100,0;0;2;3;1,60,70.17983329708522,0.5447205929978131,2.6099999145507695,71.28999994506836,1,660,0.2012939678652994,-0.34667767249489845
cifar100,0;0;2;4;0,15,70.33088882453072,0.7745645997702275,2.529999929809577,71.2499998779297,1,120,-0.14253596272784047,-0.27296966580009213
cifar100,0;0;3;0;3,20,61.83833330479939,2.6604169434304494,10.239999938964857,64.75999992065431,1,180,0.11342210453806251,-0.4461162330972769
cifar100,0;0;3;1;2,60,67.11499998006185,1.6237514193784912,6.2266666524251235,69.62666667073567,1,660,0.2348850308143439,-0.3916391117352261
cifar100,0;0;3;2;1,60,69.74205552612305,0.5748423549830957,2.7200000366211015,70.75000006103517,1,660,0.042566211563372515,0.06455115605098496
cifar100,0;0;3;3;0,20,70.48066662094116,0.6409563986258128,2.4566666076660084,71.4466665649414,1,180,0.15616461180145402,-0.7368788911732418
cifar100,0;0;4;0;2,15,65.06888886861165,1.1095368784936566,4.630000038655602,66.4700000427246,1,120,-0.04212959300771083,-0.37731203387188095
cifar100,0;0;4;1;1,30,69.15533329796685,0.5651689990593444,2.3833333109537875,70.04999996337891,1,270,0.03853209811809979,-0.2328075088423307
cifar100,0;0;4;2;0,15,69.90377776211211,0.5085431115277673,2.0899999735514285,71.03000001220704,1,120,-0.07087372517815148,-0.4262654660736737
cifar100,0;0;5;0;1,6,66.47555553419325,0.5855281477138794,1.6233333363851017,67.45333334554037,1,30,-0.2,-0.7468053112730992
cifar100,0;0;5;1;0,6,69.54444442019992,0.39263433448163254,1.2499999633789116,70.08999996948242,1,30,-0.19999999999999998,-0.6213920620612317
cifar100,0;0;6;0;0,1,65.39999999389649,0.0,0.0,65.39999999389649,1,0,nan,nan
cifar100,0;1;0;0;5,6,9.888333323351542,0.14006281929182052,0.3633333403269443,10.109999995803832,1,30,-0.19999999999999998,-0.7077706281447769
cifar100,0;1;0;1;4,30,45.44444442606608,6.371460213268064,18.4333333190918,56.35999996948242,1,270,0.3052343764616418,-0.4640310258176923
cifar100,0;1;0;2;3,60,59.991888866339785,4.1427543864441105,15.476666693115234,66.54666663208008,1,660,0.36533151066534125,-0.6326392878098992
cifar100,0;1;0;3;2,60,66.70511108946059,1.9236793966662493,7.896666699218748,71.12999998779297,1,660,0.3315032489946762,-0.6073080226598732
cifar100,0;1;0;4;1,30,69.47111107754178,1.2172483493887727,5.479999945068357,72.71999989013672,1,270,0.2860633796455921,-0.6754259151155838
cifar100,0;1;0;5;0,6,70.64833331570095,1.4068559074750422,4.223333386230465,73.49333332519531,1,30,-0.19999999999999987,-0.9043731320906129
cifar100,0;1;1;0;4,30,43.0063333188714,5.918579679567986,19.27333334757487,54.18000000915527,1,270,0.28612290892126246,-0.3407816785309781
cifar100,0;1;1;1;3,120,59.07755553081937,4.342754819993996,16.606666654459644,66.31999997558594,1,1440,0.4250926520639271,-0.44276577564610475
cifar100,0;1;1;2;2,180,66.24520368081552,1.8503515571306768,9.170000009155281,71.08999998168946,1,2340,0.40565749502516585,-0.5211204100779773
cifar100,0;1;1;3;1,120,69.33852775702582,1.163035600251256,6.246666507975263,72.71999990234374,1,1440,0.4203814063145519,-0.5435794400010667
cifar100,0;1;1;4;0,30,70.69488885097925,1.1935262840672467,4.106666638183583,73.30666660970051,1,270,0.2910590203491646,-0.6758294689044038
cifar100,0;1;2;0;3,60,56.57644442086114,5.120709440073626,17.569999920654297,65.26999993591309,1,660,0.37053734463409677,-0.6676114935496857
cifar100,0;1;2;1;2,180,65.64438886670713,1.8471261772595648,8.983333355712887,69.95333334960937,1,2340,0.38815246942034914,-0.44218032736554563
cifar100,0;1;2;2;1,180,68.96968515485975,1.0948269279698628,5.579999861653647,71.87333323974609,1,2340,0.4243485780483258,-0.30761052334525707
cifar100,0;1;2;3;0,60,70.51061107945762,1.0715047370497057,4.290000036621095,72.95999996948242,1,660,0.3836981304458387,-0.5338352542496175
cifar100,0;1;3;0;2,60,63.88016665757922,1.6686133549426756,6.760000045776366,67.34000005493164,1,660,0.25520275473068454,-0.5369992227715208
cifar100,0;1;3;1;1,120,68.37597219300164,1.0826905679006193,5.186666613769532,70.85999991455078,1,1440,0.3616682110435655,-0.425243065484796
cifar100,0;1;3;2;0,60,70.09844441024781,0.871076265060779,4.0499998413085905,72.41999986572266,1,660,0.35929652731200346,-0.49519029284175436
cifar100,0;1;4;0;1,30,66.19577775919596,0.8006348978129101,3.4799999633789014,67.95999998168945,1,270,0.28249233152248476,-0.6566792959060278
cifar100,0;1;4;1;0,30,69.42866663068983,0.753564663669883,3.1200000091552624,71.42999997558593,1,270,0.2450579820196934,-0.7458303217573934
cifar100,0;1;5;0;0,6,65.83944441138374,1.11664247168491,3.196666651407881,68.24666661783856,1,30,-0.2,-0.9640887978151134
cifar100,0;2;0;0;4,15,9.89866665831672,0.20171413567624336,0.8266666740417481,10.426666662597656,1,120,0.01845726926046057,-0.7057660905808928
cifar100,0;2;0;1;3,60,46.763222200249565,6.917949546207133,19.430000021362304,57.84999997253418,1,660,0.44169549893231896,-0.3545058211182097
cifar100,0;2;0;2;2,90,61.439074051479764,3.9148239071738997,12.183333321126298,67.79333327229817,1,1080,0.41817198819768675,-0.302472292783876
cifar100,0;2;0;3;1,60,67.93861108254326,1.637653498251302,5.833333392333984,70.86000005493165,1,660,0.25284174386120833,-0.5266940398645438
cifar100,0;2;0;4;0,15,70.17355551418727,1.4811754386420732,5.863333239746112,72.4333332397461,1,120,0.10517518542017297,-0.5080836946954971
cifar100,0;2;1;0;3,60,44.771055530522666,6.244392044934209,21.926666675821934,57.00666665445963,1,660,0.40686429351402403,-0.40786905427357595
cifar100,0;2;1;1;2,180,60.786407385152174,4.039215084637873,13.149999977620446,67.72999995117188,1,2340,0.4745841540856578,-0.4221639764905618
cifar100,0;2;1;2;1,180,67.61998145628188,1.5970666499428592,6.340000034586595,70.85999999186198,1,2340,0.36289336771026903,-0.369612710775504
cifar100,0;2;1;3;0,60,70.07172218260023,1.2487038422534482,5.019999951171883,72.73999993896484,1,660,0.30934306290136254,-0.4017472510936352
cifar100,0;2;2;0;2,90,58.420296270028565,4.648529246063018,13.770000003051763,65.98000000915528,1,1080,0.41960662407242766,-0.5504289967430981
cifar100,0;2;2;1;1,180,67.04287034588283,1.4979559182064814,6.636666647338863,70.18666665039062,1,2340,0.3416171005499313,-0.35726272079196314
cifar100,0;2;2;2;0,90,69.66885182571977,1.046612185858033,4.773333329264332,71.75999999389649,1,1080,0.3535870763825493,-0.3978340406271105
cifar100,0;2;3;0;1,60,65.0943888681878,1.326752437069374,5.286666695149741,67.37999998779297,1,660,0.12961579195955222,-0.35977135952648487
cifar100,0;2;3;1;0,60,69.14422219445122,0.6740881021839412,3.419999945068355,70.91999993286133,1,660,0.2916104944859755,-0.5060012746013247
cifar100,0;2;4;0;0,15,65.77977775444879,1.5330673591383526,5.250000003051767,68.00999998779298,1,120,0.02614452427033596,-0.4885359668665122
cifar100,0;3;0;0;3,20,10.241499994939167,0.1578060522223712,0.5333333429972313,10.419999995930988,2,180,0.1884108170327934,-0.3041708433314419
cifar100,0;3;0;1;2,60,48.21316663519965,6.905776953213291,19.733333377075198,59.29999998474121,1,660,0.4473025215446135,-0.37312607527958774
cifar100,0;3;0;2;1,60,62.44022219787598,3.7652049281170092,10.253333371988944,67.97333332316082,1,660,0.38211474577450527,-0.652416154044745
cifar100,0;3;0;3;0,20,68.90766663619996,1.5944940228762674,4.98999990234374,71.20999990844726,1,180,-0.06451652529323332,-0.4623141074484884
cifar100,0;3;1;0;2,60,46.3961666371833,5.89055171691776,22.606666609700525,58.179999926757816,1,660,0.41954119249577043,-0.3298481321923626
cifar100,0;3;1;1;1,120,62.10597220071581,3.83817923350176,11.333333347574886,67.89999998168946,1,1440,0.4244431851383705,-0.4360648842450576
cifar100,0;3;1;2;0,60,68.6908332999505,1.2051057406136059,5.02999998474121,70.62999998168945,1,660,0.12331333028035736,-0.16418169764011187
cifar100,0;3;2;0;1,60,60.22766664031983,3.784531205845608,13.310000059000657,66.01000000610352,1,660,0.3649224834636805,-0.6369359905441193
cifar100,0;3;2;1;0,60,68.2107777503289,0.9686342750726299,4.426666672770196,70.08666660563152,1,660,0.12310903109703786,-0.009619701288603554
cifar100,0;3;3;0;0,20,65.07249997934977,1.5609135064310962,4.960000018310545,67.3999999633789,1,180,-0.06963830992961459,-0.3688785415649696
cifar100,0;4;0;0;2,15,10.50711110772027,0.16712322613875272,0.5066666620890299,10.773333330281575,1,120,0.13812178952065562,-0.3783497662456733
cifar100,0;4;0;1;1,30,50.06833330200196,6.668680340902558,16.593333343505854,60.7133333231608,1,270,0.3301821631774698,-0.4602383366205699
cifar100,0;4;0;2;0,15,63.695555530192046,3.190267994914937,7.806666699218759,67.539999995931,1,120,0.15229796168535387,-0.317431119011735
cifar100,0;4;1;0;1,30,48.456333303358285,5.7704574159546,15.723333355712889,58.55333330688476,1,270,0.3208386931663544,-0.45529562063190054
cifar100,0;4;1;1;0,30,63.86111109235976,2.954902061637584,7.413333323160799,67.6533333211263,1,270,0.23622690946818864,-0.3807866771754972
cifar100,0;4;2;0;0,15,61.26111109402127,2.6990809741413035,6.493333352661118,64.45999996643066,1,120,0.16723416968716248,-0.8331038727260753
cifar100,0;5;0;0;1,6,11.88888888291253,0.8108035967490609,1.8066666776021325,12.506666668192546,1,30,-0.19999999999999996,-0.3407466687158561
cifar100,0;5;0;1;0,6,52.31055553063286,6.209811951617181,14.113333326212569,61.61999998474121,1,30,-0.19999999999999993,-0.6704406121903117
cifar100,0;5;1;0;0,6,48.075555519951706,7.266989467639003,17.493333341471356,58.446666650390625,1,30,-0.19999999999999996,-0.638242551283084
cifar100,0;6;0;0;0,1,15.033333331298829,0.0,0.0,15.033333331298829,1,0,nan,nan
cifar100,1;0;0;0;5,6,32.27333331951565,5.95327982584787,13.579999991861985,40.78666665242513,1,30,-0.20000000000000004,-0.6395261974701237
cifar100,1;0;0;1;4,30,52.798555532463915,6.584828839016272,23.230000003051757,63.770000003051756,2,270,0.10378019671582198,-0.3210166503678282
cifar100,1;0;0;2;3,60,61.40711108842638,5.1292408893281785,27.56333332722982,68.00999994506836,1,660,0.18860087350356547,-0.06062176626669783
cifar100,1;0;0;3;2,60,66.49372219723172,2.699687231791065,12.340000036621092,69.8,1,660,0.2170561251115462,-0.3072915951344792
cifar100,1;0;0;4;1,30,68.88055552975125,1.0986355416898732,5.253333211263026,70.73999988403321,1,270,0.07493048718097678,-0.22571899625675357
cifar100,1;0;0;5;0,6,69.62444440511068,1.6253075670840178,4.933333333333337,71.36666664632162,1,30,-0.2,-0.4793834031363139
cifar100,1;0;1;0;4,30,49.3995555339559,6.30563638593323,21.140000040690104,61.90666665649414,1,270,0.12942668369214777,-0.4211451913645721
cifar100,1;0;1;1;3,120,60.556666645855366,5.141283889882195,26.92000006713868,67.33000001831056,1,1440,0.2709760346622677,-0.25595344900795414
cifar100,1;0;1;2;2,180,65.98768515863489,2.978763539362948,16.73333326416015,70.09999989013671,1,2340,0.32486619008073075,-0.22506820030263835
cifar100,1;0;1;3;1,120,68.84574996561687,1.1049963886826977,4.893333384195955,70.8,1,1440,0.3054699201352864,-0.3012765769305359
cifar100,1;0;1;4;0,30,69.20655553493924,1.6390199249785595,5.939999987792945,71.1599999633789,1,270,0.31041314542261855,-0.31797904149538214
cifar100,1;0;2;0;3,60,58.665777752889,5.089622082361465,24.673333384195963,65.59999998168945,1,660,0.23600043999393572,-0.42134422965753515
cifar100,1;0;2;1;2,180,65.2088703477026,3.117326172950544,16.27666661275228,69.42999993591309,1,2340,0.3352320330440147,-0.26713472796904775
cifar100,1;0;2;2;1,180,68.50655552758677,1.2954011613569991,6.870000006103524,70.96999998779297,1,2340,0.31917631051784906,-0.2493012924880356
cifar100,1;0;2;3;0,60,68.97338886774699,1.5224384052454294,6.8600000823974625,70.85000004272462,1,660,0.37054059835394443,-0.15731781301754919
cifar100,1;0;3;0;2,60,63.180111095241976,2.9630756002851855,12.420000004069024,65.72000001017254,1,660,0.20586688244325965,-0.2435787557466682
cifar100,1;0;3;1;1,120,67.60663886894227,1.3623171589231737,5.6400000518798805,69.77000002441406,1,1440,0.2978330163398391,-0.2886713704507228
cifar100,1;0;3;2;0,60,68.75561108859593,1.525456517208784,6.443333359781917,70.92999998168946,1,660,0.26297665776292434,-0.14949576840227316
cifar100,1;0;4;0;1,30,65.30888887223986,0.9812974461355962,4.469999920654303,66.96999994506837,1,270,0.1870236379521118,-0.43610549094392814
cifar100,1;0;4;1;0,30,68.00722219170464,1.683438947946007,5.830000012207023,69.91000002441406,1,270,0.12648310639342222,-0.32224109584921473
cifar100,1;0;5;0;0,6,64.63555555979411,1.3357723023870676,4.0300000366210895,65.82000005493164,1,30,-0.19999999999999987,-0.3965493822517481
cifar100,1;1;0;0;4,30,34.21922220604791,7.381528683359423,22.613333338419597,50.6333333190918,1,270,0.30727112204044843,-0.5243023185360933
cifar100,1;1;0;1;3,120,55.42399997470856,6.256565748020257,26.199999987792978,66.06999993896486,1,1440,0.29776977454677844,-0.1992902932032422
cifar100,1;1;0;2;2,180,64.19244442593045,4.253173058906933,26.079999871826175,70.32999989624024,1,2340,0.26699975204985693,-0.17912660498851476
cifar100,1;1;0;3;1,120,68.12236108627319,1.4614229097727496,7.179999969482417,71.17333330891927,1,1440,0.2476585167529353,-0.23987808842946504
cifar100,1;1;0;4;0,30,69.4376666534763,1.5588467138203854,8.090000039672859,72.52000001220703,1,270,0.08133864050353302,-0.3259020445010473
cifar100,1;1;1;0;3,120,52.34355553500705,6.185013710117226,23.649999988810222,64.23999995524089,1,1440,0.3129685658450657,-0.2542265394080567
cifar100,1;1;1;1;2,360,63.53370368073923,4.251221401038973,26.0433332804362,69.8133332804362,1,5040,0.3387833255450674,-0.13307878936247552
cifar100,1;1;1;2;1,360,67.83321293759381,1.527073031193897,9.109999973551432,71.02999993286133,1,5040,0.3430388527716792,-0.3006910924007163
cifar100,1;1;1;3;0,120,69.34777775147332,1.4365622083299445,8.106666618855783,73.0866666463216,1,1440,0.3437441879254513,-0.44597580585998137
cifar100,1;1;2;0;2,180,61.78716664575648,3.984982156805863,22.506666666666675,66.84666665445964,1,2340,0.26392072356551816,-0.17920365998762203
cifar100,1;1;2;1;1,360,67.12251849412706,1.7475155904633273,8.463333239746085,70.56999990234374,1,5040,0.35013558048070215,-0.11428407880599992
cifar100,1;1;2;2;0,180,69.04020367522062,1.5346322213436971,9.973333315022778,72.01999997558593,1,2340,0.30812954072882315,-0.31208575074310796
cifar100,1;1;3;0;1,120,64.95799998410544,1.2485652088648,5.366666695149725,67.62000002441405,1,1440,0.2631351589965949,-0.29962016318259355
cifar100,1;1;3;1;0,120,68.25788886028714,1.8203351249085393,9.030000032552081,71.50999996948242,1,1440,0.3047134016260789,-0.20919513694255468
cifar100,1;1;4;0;0,30,64.76844442121718,1.5747737637403718,7.4300000193277995,68.04999999694824,1,270,0.1912969988377022,-0.5192169527183832
cifar100,1;2;0;0;3,60,36.281999981859,7.910514425606899,22.569999994913744,51.30999999084473,1,660,0.4371421797944609,-0.3368535897248573
cifar100,1;2;0;1;2,180,57.99527775316027,5.636949694160165,23.219999995930984,67.37333330688476,1,2340,0.3347565918463278,-0.13192676795439837
cifar100,1;2;0;2;1,180,66.0867777561555,3.264322829496768,20.4499999053955,70.59999989013671,1,2340,0.21905672163652765,-0.07035426110198245
cifar100,1;2;0;3;0,60,68.94949998179118,1.5394889517791506,4.966666695149726,71.55999998779296,1,660,0.2538264172290253,-0.4977184648290584
cifar100,1;2;1;0;2,180,55.279555534181945,5.505317571253014,20.676666619873046,64.82666661987305,1,2340,0.33413842494988416,-0.08552663776576835
cifar100,1;2;1;1;1,360,65.47975923547533,3.255635207162376,19.926666546630855,69.81999986572265,1,5040,0.31256131121037317,-0.056367516027749795
cifar100,1;2;1;2;0,180,68.69285182093867,1.489184754541961,7.4199999247232995,71.23999990844726,1,2340,0.28714848251802416,-0.3123134515985991
cifar100,1;2;2;0;1,180,63.44216664588081,2.7213722618566414,16.789999958292647,67.00999991760254,1,2340,0.1970886345051596,-0.049578621029385234
cifar100,1;2;2;1;0,180,68.02059256430732,1.7916446691386145,8.326666654459636,70.29999996337891,1,2340,0.328652823805005,-0.12785143894336637
cifar100,1;2;3;0;0,60,64.74449997980754,1.817437733563582,5.579999985758462,67.65999998168945,1,660,0.25728428553839633,0.10565430467930766
cifar100,1;3;0;0;2,60,38.84438886873033,8.0727707928024,25.066666657511387,55.119999972534174,1,660,0.4384587519476532,-0.4196373460988779
cifar100,1;3;0;1;1,120,60.116611083357064,4.898014034112683,18.73666665445964,67.74666660563152,1,1440,0.2817155090119248,-0.05163057221769962
cifar100,1;3;0;2;0,60,67.21861109185112,2.5594081571507643,15.82,70.2599999633789,1,660,0.06328339536417293,-0.27155007689695937
cifar100,1;3;1;0;1,120,58.082277753456964,4.430976236761867,15.466666614786774,65.10666662394205,1,1440,0.2796254506097726,-0.1890133679059147
cifar100,1;3;1;1;0,120,66.76752775967068,2.657891792925854,15.359999906412767,69.25999989420573,1,1440,0.21594913288370335,-0.16497253435214532
cifar100,1;3;2;0;0,60,63.94344442643908,2.0640037454872786,12.363333325195313,66.57333328857422,1,660,0.03602335017695106,-0.13631452379436562
cifar100,1;4;0;0;1,30,41.83511109224108,7.515938899253607,21.640000010681156,54.87999998474121,1,270,0.32128475113540417,-0.45428886584525474
cifar100,1;4;0;1;0,30,62.404555536736375,3.9607342722295398,13.12666668294272,67.48000000610352,1,270,0.036661782413648945,-0.3595480621522082
cifar100,1;4;1;0;0,30,59.7972221991984,3.243539119398443,9.77000002441406,64.25999999389649,2,270,0.07172979899971542,-0.41439563372804006
cifar100,1;5;0;0;0,6,44.078888879394526,7.6122215691353325,16.593333280436198,55.11999995727539,1,30,-0.20000000000000004,-0.6486588624106996
cifar100,2;0;0;0;4,15,40.566666649373374,3.7649528081760577,12.32666668904622,47.10666667683919,1,120,0.10090350704884168,-0.30022484232475616
cifar100,2;0;0;1;3,60,54.303388867119686,8.421979018301261,28.780000064086906,67.63999999389648,1,660,0.24240112489573948,-0.32542604556770144
cifar100,2;0;0;2;2,90,61.23529627069544,6.846403128677905,28.37666665852865,68.20999996948242,1,1080,0.2795435021228992,-0.35162587547388185
cifar100,2;0;0;3;1,60,65.64433331000433,5.035602150707373,23.313333298746734,70.29999994506835,1,660,0.16066531258071293,-0.10661418633871325
cifar100,2;0;0;4;0,15,67.35022220642091,2.0869852503687127,6.990000106811529,69.95000002441407,1,120,0.20408808712508014,-0.6336344570284933
cifar100,2;0;1;0;3,60,52.18044442292107,7.388074159723751,24.119999954223637,62.90999996948242,1,660,0.26112551725657557,-0.24877243083795808
cifar100,2;0;1;1;2,180,60.26694442272045,6.8845539315014195,28.98999999186198,67.96999998168945,1,2340,0.36075356173952255,-0.16997800514100758
cifar100,2;0;1;2;1,180,65.02607405668472,5.325977569934024,23.756666623942046,70.20999995727539,1,2340,0.31132117827857775,-0.2347636852858941
cifar100,2;0;1;3;0,60,67.01322219506157,2.435744228199658,8.626666625976569,69.96666660156251,1,660,0.294685110225998,-0.3168138966840097
cifar100,2;0;2;0;2,90,57.97437034522162,6.337995898684358,25.27999999898274,65.11999997253417,1,1080,0.31695016650795954,0.06471168401139714
cifar100,2;0;2;1;1,180,63.974277758421714,5.327743369744965,22.689999948120104,69.1399998901367,1,2340,0.32824287799768076,-0.0947880183065137
cifar100,2;0;2;2;0,90,66.55522219957139,2.888393933857099,12.673333437093099,70.10000005493164,1,1080,0.32193011683338496,-0.25424654683793035
cifar100,2;0;3;0;1,60,61.591666645609536,4.950958400301301,19.87333333841959,66.15333331705729,1,660,0.2219681896033799,-0.2646581238605296
cifar100,2;0;3;1;0,60,65.44616664813573,3.4115670277471324,14.62999998779297,69.22999991760254,1,660,0.2524528891481871,-0.19458021461592934
cifar100,2;0;4;0;0,15,61.788222200046114,3.3341818636560703,9.493333353678395,65.2199999938965,1,120,0.19837420737892042,-0.1917312929280051
cifar100,2;1;0;0;3,60,44.1877777537028,4.770378379182612,21.2700000020345,58.259999971516926,1,660,0.3395539629133505,-0.6507005748183998
cifar100,2;1;0;1;2,180,57.85224071671663,7.811805461355055,28.879999987792978,67.97999998779298,1,2340,0.3392627442907114,-0.08160573039515101
cifar100,2;1;0;2;1,180,64.35733331143415,5.691660864715659,23.980000063069646,70.34000002441405,1,2340,0.2771161346251334,-0.03112269846989988
cifar100,2;1;0;3;0,60,67.29883331007217,2.9024935530940885,14.093333243815117,71.85999990234376,1,660,-0.00193102834448888,-0.09818804309713222
cifar100,2;1;1;0;2,180,55.81966664266515,6.968548587696531,25.173333402506508,64.67333334757487,1,2340,0.34467971712391937,-0.20359052197344776
cifar100,2;1;1;1;1,360,63.52909256998981,5.692526006035117,23.846666689046224,70.23999999593099,1,5040,0.36748537400952086,-0.05596638770694162
cifar100,2;1;1;2;0,180,66.9098888638136,3.0778435750101996,14.586666689046218,71.78,1,2340,0.21987859278780542,-0.05634553773798776
cifar100,2;1;2;0;1,180,61.27811108669139,5.140056221255697,20.82,66.86999996032715,1,2340,0.29433812522979136,-0.22140034108300533
cifar100,2;1;2;1;0,180,65.88470368138066,3.5227916576391047,14.616666628011068,70.78999993896484,1,2340,0.2758043123893205,-0.08552240955504394
cifar100,2;1;3;0;0,60,62.76027775522867,2.6716483552305696,9.970000085449215,67.10000002441406,1,660,0.05646389405044197,-0.290024007087543
cifar100,2;2;0;0;2,90,48.20774071426956,4.705236975385264,19.10333329874674,58.30999992675781,1,1080,0.33688326352026127,-0.41542547348686254
cifar100,2;2;0;1;1,180,61.17144442301433,6.783506217728861,21.24666669718423,67.57333331909179,1,2340,0.3137861751575139,-0.052208779392074814
cifar100,2;2;0;2;0,90,66.39155553093804,3.362475686555464,13.023333235677093,70.70999991455079,1,1080,0.1271824804968368,-0.15608073973595776
cifar100,2;2;1;0;1,180,59.19112960570159,5.817344503138369,18.939999984741206,64.82999994506835,1,2340,0.29288278661189693,-0.10610093680208142
cifar100,2;2;1;1;0,180,65.61975923773306,3.520657559142856,12.41000003356934,70.05999998168946,1,2340,0.30346412371945736,-0.0855272839561225
cifar100,2;2;2;0;0,90,62.60799997973407,2.557973729680271,11.65333334554036,67.07333330078124,1,1080,0.11321733751530064,-0.16243626454912435
cifar100,2;3;0;0;1,60,51.9798333052063,3.776670069158446,14.746666658528639,58.30666665039062,1,660,0.20800367643327133,-0.1608202394918483
cifar100,2;3;0;1;0,60,63.71833331015692,4.856133637559834,13.566666640218095,67.58666662190755,1,660,0.19490138298579593,-0.11062560282466985
cifar100,2;3;1;0;0,60,61.46833331192017,3.3104118883899463,10.249999996948233,64.50999997253417,1,660,0.1649300399261284,0.03214706552245978
cifar100,2;4;0;0;0,15,55.562222189670145,1.4613087270023768,3.6733333658854193,57.93999998168945,1,120,0.041626699236805544,-0.6593383224974682
cifar100,3;0;0;0;3,20,36.6311666429329,15.44420502362865,46.37999996732076,47.37999996643066,1,180,0.0488173208885062,-0.19303678836876204
cifar100,3;0;0;1;2,60,46.10216664576637,20.682757107331764,66.36666667353312,67.36666667277018,1,660,0.22490466743662926,-0.4152001032966102
cifar100,3;0;0;2;1,60,52.17466664376577,22.47331869072456,67.47333335431416,68.47333335367838,1,660,0.21283722508685932,-0.3193566847008866
cifar100,3;0;0;3;0,20,56.063666647523235,23.242331794427002,68.76999998830159,69.76999998779297,1,180,0.029596159050161303,-0.3487492771282752
cifar100,3;0;1;0;2,60,43.94133331465403,19.31630770680746,61.89999997634887,62.899999975585935,1,660,0.2338407252535982,-0.32661770739122936
cifar100,3;0;1;1;1,120,50.91080553773668,21.9618374836318,66.80999996426901,67.80999996337891,1,1440,0.27919309220879235,-0.225036620237836
cifar100,3;0;1;2;0,60,55.49949998521804,23.001076488787504,69.31000001322428,70.31000001220703,1,660,0.201322934262893,-0.1734761244176667
cifar100,3;0;2;0;1,60,48.43416665130827,20.796550070976636,63.96666664708454,64.9666666463216,1,660,0.22796788897933473,-0.4126415591488176
cifar100,3;0;2;1;0,60,54.221222203076685,22.566959452088422,67.97333325284322,68.97333325195312,1,660,0.20259472409358237,-0.21162554074581869
cifar100,3;0;3;0;0,20,51.29999999327977,21.394594435709852,63.78000003102621,64.78000003051758,1,180,0.04426177384846261,-0.3662805799107334
cifar100,3;1;0;0;2,60,40.40405553205702,17.269931138907967,57.01999993693035,58.01999993591309,1,660,0.2217881406031609,-0.07343776215561698
cifar100,3;1;0;1;1,120,49.868916648188694,21.779071811455637,66.51999995803833,67.51999995727539,1,1440,0.27483179212924314,-0.1629206043327793
cifar100,3;1;0;2;0,60,55.555388873856856,23.133423521973832,69.43999994595846,70.43999994506837,1,660,0.18305443949011446,-0.13419747967899365
cifar100,3;1;1;0;1,120,47.77119442436113,20.54849510643596,63.559999976476035,64.55999997558594,1,1440,0.2829166439791567,-0.22320439142467247
cifar100,3;1;1;1;0,120,54.55405553865221,22.716643346371875,68.59333334236146,69.59333334147136,1,1440,0.2540794645945137,-0.14083021762749762
cifar100,3;1;2;0;0,60,51.90216664911482,21.514182626022833,65.70666666145324,66.70666666056314,1,660,0.18995366129895358,-0.15694389222978758
cifar100,3;2;0;0;1,60,44.383277752460906,18.831047839884388,57.27999999262492,58.279999991861985,1,660,0.1981362986752101,-0.09370379118725763
cifar100,3;2;0;1;0,60,53.83061109233434,22.60522274751586,66.86999992802936,67.8699999267578,1,660,0.1829498912203202,0.057149504941600114
cifar100,3;2;1;0;0,60,51.66083330779818,21.40333087142348,63.52999990323384,64.52999990234375,1,660,0.1861894301775517,-0.2036715298120068
cifar100,3;3;0;0;0,20,48.976833311837524,20.179503109036997,57.19999998842876,58.19999998779297,1,180,-0.015443588431021879,0.10252898697987413
cifar100,4;0;0;0;2,15,21.4188888811832,21.964630235043423,46.279999972407026,47.27999997151693,1,120,0.10952029683444235,-0.5616704582285673
cifar100,4;0;0;1;1,30,27.370111095458142,28.788603485090917,66.38000001335145,67.38000001220703,1,270,0.16657727285776272,-0.44659673401489525
cifar100,4;0;0;2;0,15,31.422666665929157,32.53692291632375,66.2299999701182,67.22999996948242,1,120,0.07506552960121947,-0.5331379999617271
cifar100,4;0;1;0;1,30,25.95577777068668,27.066663880324477,61.77333331604003,62.773333315022775,1,270,0.17583156357692212,-0.31647095357157107
cifar100,4;0;1;1;0,30,30.712222219145033,31.797691100947514,66.2533333422343,67.25333334147136,1,270,0.1664500669908095,-0.37310531249506795
cifar100,4;0;2;0;0,15,28.823777766477793,29.81598329569099,61.97999997876485,62.979999977620444,1,120,0.0911484038678804,-0.5527885050261918
cifar100,4;1;0;0;1,30,24.284111096517776,25.13880102132389,57.01999995231628,58.019999951171876,1,270,0.19437543182855369,-0.42951356038743826
cifar100,4;1;0;1;0,30,30.354222208048505,31.528285216386536,66.46666661491395,67.46666661376953,1,270,0.1498785788536148,0.0008569119823665657
cifar100,4;1;1;0;0,30,28.93855554439121,29.903336501102597,61.679999988683065,62.67999998779297,1,270,0.15829115955184533,-0.2416602492218584
cifar100,4;2;0;0;0,15,27.455777761976453,28.28274036807791,57.00999995218913,58.00999995117188,1,120,0.0638345206814534,-0.5247908132178214
cifar100,5;0;0;0;1,6,8.69666665511661,17.2102698419634,46.179999933624266,47.17999993286133,1,30,-0.20000000000000004,-1.0
cifar100,5;0;0;1;0,6,12.119999999745685,24.865075909911393,66.72000000050862,67.72,1,30,-0.2000000000000001,-1.0
cifar100,5;0;1;0;0,6,11.244999999152292,22.908516428499667,61.469999997584026,62.469999996948246,1,30,-0.19999999999999998,-1.0
cifar100,5;1;0;0;0,6,10.531111107359992,21.31221233812696,57.18666664695739,58.18666664632161,1,30,-0.19999999999999982,-0.9999999999999999
cifar100,6;0;0;0;0,1,0.9999999992370605,0.0,0.0,0.9999999992370605,1,0,nan,nan
ImageNet16-120,0;0;0;0;6,1,9.383333297729493,0.0,0.0,9.383333297729493,1,0,nan,nan
ImageNet16-120,0;0;0;1;5,6,21.41203701379564,3.362716827764091,9.311111128913033,26.22222221713596,1,30,-0.20000000000000004,-0.6397149477605183
ImageNet16-120,0;0;0;2;4,15,30.462962922951025,4.190145048568119,14.661111090766056,36.34444440375434,1,120,0.08911765706874106,-0.36802036971123847
ImageNet16-120,0;0;0;3;3,20,36.425833282894565,2.845758301832389,9.74444453514947,39.811111097547744,1,180,-0.010964117908484235,-0.18661674673503145
ImageNet16-120,0;0;0;4;2,15,38.07222216531259,2.884250560156741,9.733333262125655,41.19999989827474,1,120,0.08719650561521686,-0.3589922817592092
ImageNet16-120,0;0;0;5;1,6,39.461111058553065,2.34030045819912,6.8333333384195925,42.483333307902015,1,30,-0.19999999999999993,-0.5775236567578883
ImageNet16-120,0;0;0;6;0,1,40.777777659098305,0.0,0.0,40.777777659098305,1,0,nan,nan
ImageNet16-120,0;0;1;0;5,6,19.25925923863164,2.728951738639124,6.733333287556967,23.299999936421713,1,30,-0.20000000000000012,-0.662186197855907
ImageNet16-120,0;0;1;1;4,30,29.117962929280598,3.952755367400157,14.233333335876466,35.5166666692098,1,270,0.20436610097708452,-0.34101434630445515
ImageNet16-120,0;0;1;2;3,60,36.18833328186318,3.0218783211015134,14.066666656494142,39.88333329772949,1,660,0.28678717130192216,-0.5015598987876662
ImageNet16-120,0;0;1;3;2,60,39.7745369816109,2.2197586571048813,11.277777762518987,44.59999994913737,1,660,0.2920180105703916,-0.6194350194972333
ImageNet16-120,0;0;1;4;1,30,41.25462958173398,2.0807030848717583,8.633333429972325,45.13333336385091,1,270,0.25332264110847796,-0.5723603301218989
ImageNet16-120,0;0;1;5;0,6,42.164814714502405,1.0660765442221236,3.5666666497124524,44.111111016167534,1,30,-0.19999999999999996,-0.8164612303810127
ImageNet16-120,0;0;2;0;4,15,26.691851817152237,4.113036521974021,13.916666666666671,32.933333279927574,1,120,0.1553268652337444,-0.8170915411877872
ImageNet16-120,0;0;2;1;3,60,35.29101847067939,3.0909954944659086,14.60000001864963,40.09999997626411,1,660,0.31857479614566675,-0.5186735826272408
ImageNet16-120,0;0;2;2;2,90,40.27999995629581,2.1008305141636616,8.999999959309896,44.73333327738444,1,1080,0.4048561209941971,-0.5582425142944114
ImageNet16-120,0;0;2;3;1,60,42.681111051969175,1.719826955567067,6.361111182318801,45.74999998982747,1,660,0.39371199821406194,-0.49158137821944903
ImageNet16-120,0;0;2;4;0,15,42.9214814175076,1.6046548476608964,4.955555519951716,45.58888879733615,1,120,0.22255119714580693,-0.720872218939824
ImageNet16-120,0;0;3;0;3,20,33.02194439701505,3.017146190780305,14.166666603088387,36.96666660054525,1,180,0.09923164067861867,-0.6066892256152235
ImageNet16-120,0;0;3;1;2,60,39.76925920754892,2.0726445344840445,7.550000040690101,44.033333302815755,1,660,0.32724720580894295,-0.3577919458792648
ImageNet16-120,0;0;3;2;1,60,43.26740735103467,1.5494209328500341,5.600000066121424,45.5833333791097,1,660,0.38526773160561295,-0.38616768561633774
ImageNet16-120,0;0;3;3;0,20,44.3997221906874,1.1576296563542543,3.7555554826524613,46.08888883124458,1,180,0.2628591168724564,-0.5224240555802119
ImageNet16-120,0;0;4;0;2,15,37.450740693381974,1.6929384538890926,4.888888836330828,40.055555497911236,1,120,0.10158153252553742,-0.6687265696587357
ImageNet16-120,0;0;4;1;1,30,42.82722216785574,1.5449921385175902,5.16666669718424,44.850000015258786,1,270,0.28961523119132554,-0.32515880219572274
ImageNet16-120,0;0;4;2;0,15,44.932592530540184,0.722113565631452,2.5722222290039056,46.18333326212565,1,120,0.11645804044801494,-0.26607478613047697
ImageNet16-120,0;0;5;0;1,6,39.45370364888509,1.3908677255415154,4.083333333333343,40.53333328247071,1,30,-0.19999999999999996,-0.3471394449505578
ImageNet16-120,0;0;5;1;0,6,43.872222184640385,0.5038738606174735,1.572222152709962,44.88888882446289,1,30,-0.19999999999999996,-0.9023431833965515
ImageNet16-120,0;0;6;0;0,1,35.32222216627333,0.0,0.0,35.32222216627333,1,0,nan,nan
ImageNet16-120,0;1;0;0;5,6,10.072222210848773,0.23460850851094292,0.7499999910990383,10.383333306630451,1,30,-0.20000000000000004,-0.5930437588454585
ImageNet16-120,0;1;0;1;4,30,23.30851848819874,3.8539367682310908,13.533333353678387,30.849999954223634,1,270,0.19746408519228395,-0.4627603504955346
ImageNet16-120,0;1;0;2;3,60,32.93518513607449,3.8388097727723607,16.61111109670003,38.27777773539225,1,660,0.2894322170242146,-0.49784659514865826
ImageNet16-120,0;1;0;3;2,60,38.79574068271496,2.4187641796674053,10.63888893636068,44.15555550130208,1,660,0.219607621170901,-0.2995217416674387
ImageNet16-120,0;1;0;4;1,30,41.320185131440326,2.1993262446929562,9.144444508870436,45.91111111450195,1,270,0.27049699787698317,-0.6291544927977804
ImageNet16-120,0;1;0;5;0,6,42.2777777235243,1.9916595840363656,5.93333334011502,46.3666666531033,1,30,-0.19999999999999998,-0.9181321619687035
ImageNet16-120,0;1;1;0;4,30,20.717037008935435,2.929002811544917,9.62222219763862,26.399999950832793,1,270,0.22723830572796838,-0.4899083669550192
ImageNet16-120,0;1;1;1;3,120,31.748240696278327,3.7565025867394044,15.994444500393332,37.31666666666666,1,1440,0.3700916376304956,-0.19082333724336345
ImageNet16-120,0;1;1;2;2,180,38.66246908688015,2.2529907410232752,10.038888804117846,44.42222215779623,1,2340,0.392572165219392,-0.49000840550551683
ImageNet16-120,0;1;1;3;1,120,42.13435180050885,1.9905038171277003,11.133333262125646,46.21666653442382,1,1440,0.36611639895623116,-0.40047716691820384
ImageNet16-120,0;1;1;4;0,30,43.6042592046102,1.5951719182745818,5.555555653889968,46.3222222290039,1,270,0.25740717481460823,-0.4564516514226145
ImageNet16-120,0;1;2;0;3,60,29.135740701392844,3.8871353610447463,16.333333300272628,35.6833332417806,1,660,0.3053545307275861,-0.5096054184372432
ImageNet16-120,0;1;2;1;2,180,37.75067896055527,2.286171498457498,10.222222229851617,43.355555464002826,1,2340,0.3872395982499688,-0.45602000762368233
ImageNet16-120,0;1;2;2;1,180,42.32429006803065,1.8284477603428595,7.894444458007818,45.91111103312175,1,2340,0.40528289573180004,-0.3665134212457809
ImageNet16-120,0;1;2;3;0,60,44.39462958131013,1.3090885839112203,5.011111041598845,46.73333321634928,1,660,0.2777253995958584,-0.26687835941389326
ImageNet16-120,0;1;3;0;2,60,35.31703698594835,2.114532036402321,9.25000003560384,40.2166666208903,1,660,0.24752600008775272,-0.4964061086891025
ImageNet16-120,0;1;3;1;1,120,41.6423610552258,1.7252922267342423,7.28888893296984,44.877777737087676,1,1440,0.37575189719004204,-0.44615997284894005
ImageNet16-120,0;1;3;2;0,60,44.52981477206194,1.033772292097642,5.038888963487416,46.48888891262478,1,660,0.22640427101825691,-0.4308625403300978
ImageNet16-120,0;1;4;0;1,30,38.65555551543058,1.2896493727536757,4.933333394368489,41.600000025431314,1,270,0.2339726195004058,-0.5746812492208616
ImageNet16-120,0;1;4;1;0,30,43.66814808733904,0.9610724958834037,3.3166665903727193,45.6833332417806,1,270,0.27925028582811423,-0.5234089539208994
ImageNet16-120,0;1;5;0;0,6,36.63703697035048,1.8304681998390113,5.211111097547743,40.7111110297309,1,30,-0.2000000000000001,-0.9953635406443391
ImageNet16-120,0;2;0;0;4,15,10.825185177414506,0.6834398173678712,2.0333333320617673,11.666666660308838,1,120,0.15533631124028885,-0.45683809380767154
ImageNet16-120,0;2;0;1;3,60,25.2783332990717,3.9944607572270097,13.616666675991482,31.849999964396158,1,660,0.3546462321812932,-0.27833862200672266
ImageNet16-120,0;2;0;2;2,90,34.86209871862906,3.3797820967907737,15.216666661580405,41.76666664123535,1,1080,0.3855097861230752,-0.6041637156229048
ImageNet16-120,0;2;0;3;1,60,40.72759254692926,2.4342732399923888,8.16111102803547,44.98333320617675,1,660,0.21731961186520166,-0.4868220400487471
ImageNet16-120,0;2;0;4;0,15,43.10444437854908,1.6323166516648626,6.100000045776369,45.749999923706056,1,120,0.06714408370138736,-0.6339471988477986
ImageNet16-120,0;2;1;0;3,60,22.22333330535183,2.8991342153965647,10.833333334181038,28.255555513170027,1,660,0.3582935058677585,-0.38707940503876287
ImageNet16-120,0;2;1;1;2,180,33.84382711264057,3.330950939593731,15.916666649712457,40.88333329772949,1,2340,0.45068492850726516,-0.3533576462585238
ImageNet16-120,0;2;1;2;1,180,40.567962904169526,2.2791163004156054,9.433333465576183,45.233333358764654,1,2340,0.3496237560201897,-0.3005996645304804
ImageNet16-120,0;2;1;3;0,60,43.754351800056746,1.5295804430026092,6.41666668701172,46.34999991861979,1,660,0.2668981787277786,-0.5518977772763813
ImageNet16-120,0;2;2;0;2,90,30.94999995972433,2.987639827777041,12.166666636149088,37.3833332824707,1,1080,0.4144179000084389,-0.5174822708063478
ImageNet16-120,0;2;2;1;1,180,39.83169747921037,2.13863239141662,8.533333341810447,43.533333302815755,1,2340,0.34487047889803013,-0.27291587999176214
ImageNet16-120,0;2;2;2;0,90,43.69901229272536,1.1777421313509784,5.783333404541018,46.01666668701172,1,1080,0.341344182363903,-0.34957215558147003
ImageNet16-120,0;2;3;0;1,60,36.54611105651856,1.961652235362116,7.127777685377332,39.67777766248915,1,660,0.18958167632440637,-0.37313552971805675
ImageNet16-120,0;2;3;1;0,60,42.87259254876596,0.943937698392661,4.222222237480999,44.8999999440511,1,660,0.28931568551895187,-0.4563690458963346
ImageNet16-120,0;2;4;0;0,15,36.805185143647364,2.105848680695723,7.700000027974447,40.56666665649414,1,120,0.05868146854290894,-0.4559016693376637
ImageNet16-120,0;3;0;0;3,20,12.136388871765137,0.8611585562227911,3.7611111272176103,14.383333330790201,1,180,0.059172934075333014,-0.3469320835838718
ImageNet16-120,0;3;0;1;2,60,27.252592560598583,3.7247284858278826,13.222222233242462,32.411111097547746,1,660,0.38075762744819236,-0.23992127186884332
ImageNet16-120,0;3;0;2;1,60,36.4326851402424,3.126635547105726,10.999999967787002,42.03333331298828,1,660,0.37647081304219276,-0.6759843404776636
ImageNet16-120,0;3;0;3;0,20,42.23499993981255,2.0625587109859995,6.61111108907064,45.43333328755696,1,180,-0.08234511103503919,-0.416985946711586
ImageNet16-120,0;3;1;0;2,60,23.58898144995372,2.9978372689193726,11.805555560641825,29.816666659037274,1,660,0.3898203588831831,-0.31060620454066723
ImageNet16-120,0;3;1;1;1,120,35.5444443973612,3.1374411602357433,10.29999991861979,41.0999998626709,1,1440,0.4111832550498161,-0.4350761834024888
ImageNet16-120,0;3;1;2;0,60,42.18574069877907,1.7725627685217318,7.699999974568684,45.149999974568686,1,660,0.14941357139924027,-0.2870868641303699
ImageNet16-120,0;3;2;0;1,60,32.21842588256553,2.5057258441667556,8.850000008477103,36.849999979654946,1,660,0.35167797469513873,-0.6559282593348008
ImageNet16-120,0;3;2;1;0,60,41.29935180901422,1.5978061962837249,7.516666681925457,44.24999998982747,1,660,0.13072433553421126,-0.3089609741643611
ImageNet16-120,0;3;3;0;0,20,35.935555495452874,1.9600574828430488,6.000000025431319,38.83333330281576,1,180,-0.10886907752546864,-0.3707657045112409
ImageNet16-120,0;4;0;0;2,15,14.159259235918965,0.9307054382564479,2.9444444359673376,15.266666659037272,1,120,0.11633251201209632,-0.6429050498809283
ImageNet16-120,0;4;0;1;1,30,28.728148107147213,3.214371313358979,10.411111026340063,33.46666655985514,1,270,0.30279412669667743,-0.3776021320355637
ImageNet16-120,0;4;0;2;0,15,37.25111106058757,2.91137347033504,7.1999999762641025,41.066666610717775,1,120,0.2043919008216915,-0.8845326738024542
ImageNet16-120,0;4;1;0;1,30,24.99703700564349,3.2713224962664715,10.661111114501953,30.677777720133463,1,270,0.3127119098934108,-0.45568654470338665
ImageNet16-120,0;4;1;1;0,30,36.72555550638835,2.699471282045849,7.7555556030273465,41.12222222900391,1,270,0.2534559250900436,-0.5427488583050857
ImageNet16-120,0;4;2;0;0,15,32.4962962406865,1.8397873513788743,4.95555557081434,35.233333307902015,1,120,0.18346165548743235,-0.8935402463112236
ImageNet16-120,0;5;0;0;1,6,15.740740716863561,0.5257824516961668,1.4444444410536015,16.244444410536023,1,30,-0.2,-0.42843411602493636
ImageNet16-120,0;5;0;1;0,6,29.58611108073482,3.0370377399756063,7.150000000847715,34.249999956766764,1,30,-0.2,-0.6867726685804234
ImageNet16-120,0;5;1;0;0,6,24.983333308467156,4.050817868395674,8.711111048380534,30.74444438680013,1,30,-0.19999999999999998,-0.6360313603623776
ImageNet16-120,0;6;0;0;0,1,16.433333335028752,0.0,0.0,16.433333335028752,1,0,nan,nan
ImageNet16-120,1;0;0;0;5,6,12.24074072548195,1.7415630355266014,4.022222207811145,14.788888862609864,1,30,-0.2,-0.6543354831408212
ImageNet16-120,1;0;0;1;4,30,24.293703672465575,5.904127326491566,21.277777702331548,35.23333325958252,1,270,0.19141235815308605,-0.37999772301976514
ImageNet16-120,1;0;0;2;3,60,31.647222185283233,6.109291092872674,25.533333353678387,40.00000001525879,1,660,0.2168717392492427,-0.01759532840691874
ImageNet16-120,1;0;0;3;2,60,35.60037032521566,4.959104029627231,18.49999987792968,40.23333320617675,1,660,0.19961503593578955,-0.18739769836253098
ImageNet16-120,1;0;0;4;1,30,37.82259253062495,3.6272122325721257,13.433333362155484,41.87777775404188,1,270,0.2668996433288449,-0.24712233238162162
ImageNet16-120,1;0;0;5;0,6,38.93981475067139,2.6992576419017498,7.944444354587127,40.96666655476888,1,30,-0.19999999999999987,-0.3358092494710472
ImageNet16-120,1;0;1;0;4,30,21.64203701711584,5.050489041609655,17.777777686225043,32.11111100429959,1,270,0.21294314175831847,-0.5117832803069319
ImageNet16-120,1;0;1;1;3,120,30.76032403703619,6.060619575641913,25.94444443003337,40.14444440714519,1,1440,0.3249341505401281,-0.2324193103074807
ImageNet16-120,1;0;1;2;2,180,36.37148142740697,4.905689886467135,24.67777774386935,44.47777769300672,1,2340,0.3520908354226382,-0.24728345157908205
ImageNet16-120,1;0;1;3;1,120,39.58694439047354,3.1989357788480244,16.63333333502876,45.39999991522895,1,1440,0.4226898844917929,-0.38111945631932576
ImageNet16-120,1;0;1;4;0,30,40.45518513206199,3.281190290806682,15.488888958401155,45.53333331976997,1,270,0.28294883962141487,-0.4258099599505509
ImageNet16-120,1;0;2;0;3,60,28.851574036746552,5.6253715022447635,22.46111109076606,36.583333297729496,1,660,0.28757568376399123,-0.4693944274626327
ImageNet16-120,1;0;2;1;2,180,35.99512340223996,4.8969336328950055,22.394444403754346,42.916666575113936,1,2340,0.36095225096203226,-0.3153816045257141
ImageNet16-120,1;0;2;2;1,180,40.4016974828932,3.0178178142863494,15.21666675143771,45.08333333333333,1,2340,0.41509274570378835,-0.18362362804127758
ImageNet16-120,1;0;2;3;0,60,41.89962958051892,2.634345184876647,11.816666742960606,46.5166666615804,1,660,0.39171792837173547,-0.3362381592784112
ImageNet16-120,1;0;3;0;2,60,34.091481432031706,4.311746377258042,19.15555554707845,39.08888881937663,1,660,0.23836688193914576,-0.30485213966846036
ImageNet16-120,1;0;3;1;1,120,40.244629578286634,2.760531636892482,12.683333320617677,44.399999959309895,1,1440,0.3116270458214471,-0.36487862230434076
ImageNet16-120,1;0;3;2;0,60,42.45898142602709,2.596137544546324,11.683333385043674,45.76666663953993,1,660,0.23791588427587945,-0.1624535458046472
ImageNet16-120,1;0;4;0;1,30,37.33907402623495,1.6317714115673394,6.138888878716365,40.94999996948242,1,270,0.18611402108051034,-0.32375355410779966
ImageNet16-120,1;0;4;1;0,30,41.31555550401477,2.83268308790393,9.088888849894218,43.83333325873482,1,270,0.07231104340412867,-0.24551872395663024
ImageNet16-120,1;0;5;0;0,6,34.22592587845414,2.5130332161798754,7.733333241780599,36.4666665802002,1,30,-0.19999999999999993,-0.3987570476025207
ImageNet16-120,1;1;0;0;4,30,13.445740722613863,2.5640120479435233,10.388888855828178,21.29999996693929,1,270,0.24475732979449594,-0.5974526156535067
ImageNet16-120,1;1;0;1;3,120,27.128194411200063,6.180244018178257,22.799999951680498,37.049999913533526,1,1440,0.3118818681577747,-0.06984347229416567
ImageNet16-120,1;1;0;2;2,180,35.274660445754904,5.277634953025024,28.811111078050402,44.23333328755697,1,2340,0.26865517423276236,-0.1776227117533468
ImageNet16-120,1;1;0;3;1,120,39.37513883943204,2.816804363398391,15.833333297729485,45.23333328755696,1,1440,0.27315312954706533,-0.32128759333106505
ImageNet16-120,1;1;0;4;0,30,40.482407353577784,3.497707675812238,20.133333249409993,45.58333318074544,1,270,0.13527961901051794,-0.4421685985600729
ImageNet16-120,1;1;1;0;3,120,24.375555526411976,5.379000150697663,20.31666658655802,34.4999999109904,1,1440,0.322774255152513,-0.3341295744840334
ImageNet16-120,1;1;1;1;2,360,34.49458328853301,5.15717528788856,27.583333263397215,43.19999989827474,1,5040,0.35912037725537826,-0.1375420048753494
ImageNet16-120,1;1;1;2;1,360,39.905324021972845,2.7644550968502757,16.83333331807454,44.549999913533526,1,5040,0.3389709103609839,-0.1898680037368405
ImageNet16-120,1;1;1;3;0,120,42.06953698806056,2.3912595879304983,13.166666679382331,46.499999933878584,1,1440,0.3427696674663251,-0.301028672840417
ImageNet16-120,1;1;2;0;2,180,32.290925882202906,4.591422782050616,22.938888864305284,38.61666661071777,1,2340,0.2807467830439234,-0.18735196756959582
ImageNet16-120,1;1;2;1;1,360,39.315987602497614,2.8079736036762486,14.083333338419592,44.183333257039386,1,5040,0.3500031109727881,-0.11763315709453345
ImageNet16-120,1;1;2;2;0,180,42.65623451400568,2.20461571830154,13.033333264668784,46.183333267211914,1,2340,0.2660738594616998,-0.15539887034308325
ImageNet16-120,1;1;3;0;1,120,36.48583328769825,1.942411081900564,9.272222140842011,40.2166665242513,1,1440,0.24739953851491112,-0.2017953288779038
ImageNet16-120,1;1;3;1;0,120,41.577638843366834,2.85042912668102,12.422222222222224,45.16666662597657,1,1440,0.2959873902398135,-0.12538255937642828
ImageNet16-120,1;1;4;0;0,30,35.34277772880837,2.382852480186057,13.466666675143774,40.76666660054525,1,270,0.12877109384406663,-0.4540774133007476
ImageNet16-120,1;2;0;0;3,60,14.791111094789152,3.1021562872221375,10.699999962488809,22.016666618347166,1,660,0.3696285275787074,-0.45021005813577014
ImageNet16-120,1;2;0;1;2,180,30.08879625591702,5.761317696371777,24.688888863457578,40.39999994574653,1,2340,0.33718490758506786,-0.13553207046893662
ImageNet16-120,1;2;0;2;1,180,38.189290071350854,4.013386716823704,23.099999946594238,44.249999908447265,1,2340,0.23119820228218674,-0.02795387430853422
ImageNet16-120,1;2;0;3;0,60,41.446111065278224,2.2958880900248273,6.966666564941406,45.399999888102215,1,660,0.2459149166950553,-0.467441411702968
ImageNet16-120,1;2;1;0;2,180,27.175030830176084,4.791455665954908,19.7888888498942,35.36666659545898,1,2340,0.326739902048272,-0.22134778952326223
ImageNet16-120,1;2;1;1;1,360,37.41907402274285,3.91388798943644,22.388888855828178,43.222222140842014,1,5040,0.33888169166224474,-0.03696482872481594
ImageNet16-120,1;2;1;2;0,180,41.881388837837875,2.2090406478325653,11.300000013563363,44.97777774386935,1,2340,0.2699695795385741,-0.18262553978671114
ImageNet16-120,1;2;2;0;1,180,34.330833291479976,2.996564637326689,17.983333305358887,38.983333236694335,1,2340,0.23368926097649428,-0.1147277266304123
ImageNet16-120,1;2;2;1;0,180,41.10574069106961,2.765431443611218,11.549999969482428,44.48333327229818,1,2340,0.34849015151406715,-0.10431607382396381
ImageNet16-120,1;2;3;0;0,60,35.51768513521265,2.0377811270158666,6.266666594611273,38.86666662258572,1,660,0.2517379549372395,-0.31369900998166483
ImageNet16-120,1;3;0;0;2,60,16.558518495835198,3.66354670874258,14.511111063639321,27.199999938964844,1,660,0.3825598933490214,-0.4823883943086272
ImageNet16-120,1;3;0;1;1,120,32.769305508323946,5.114156688033719,19.944444413079154,40.47777771843804,1,1440,0.276049697374605,-0.17580148146982905
ImageNet16-120,1;3;0;2;0,60,40.030092547070545,2.7739572423900962,16.977777821011014,43.8444444647895,1,660,0.08071981338976515,-0.09899745504947123
ImageNet16-120,1;3;1;0;1,120,29.921203664878565,3.7647494465099163,14.266666614108612,35.411111039903425,1,1440,0.26953010520122705,-0.1803923168893428
ImageNet16-120,1;3;1;1;0,120,39.49472217040592,3.2005621619649736,15.877777747260193,42.72222217814127,2,1440,0.26416126115748395,-0.1043287326101642
ImageNet16-120,1;3;2;0;0,60,34.49148142848544,1.8972685730387,10.599999951680502,37.86666659037272,1,660,0.10197301311585312,-0.27920757368098575
ImageNet16-120,1;4;0;0;1,30,18.820370345278143,3.8896637630957307,13.566666636149094,27.73333328755697,1,270,0.25459112516182847,-0.44653867358976784
ImageNet16-120,1;4;0;1;0,30,35.17925920958342,4.076491347741436,13.34444442240397,40.52222216118707,1,270,0.042702293177440155,-0.17466718282243762
ImageNet16-120,1;4;1;0;0,30,31.342036999766037,2.3536197820979856,8.255555499606658,34.92222215101454,1,270,0.03632190626102666,-0.3560194951348886
ImageNet16-120,1;5;0;0;0,6,21.553703661176893,3.8417107326158666,8.43333327992757,27.099999911838108,1,30,-0.20000000000000007,-0.6456444174486866
ImageNet16-120,2;0;0;0;4,15,14.395555532328286,1.1072640786494765,3.838888847351072,16.455555521647135,1,120,0.08733521984332446,-0.3214296287060705
ImageNet16-120,2;0;0;1;3,60,23.578518487887912,7.83585422778425,26.0888888859219,39.355555538601344,1,660,0.3078968929254352,-0.2936774983520823
ImageNet16-120,2;0;0;2;2,90,29.023888852705774,8.827892736023617,26.566666612413194,39.999999944051105,1,1080,0.331480568443377,0.07814391402228736
ImageNet16-120,2;0;0;3;1,60,33.228703667110864,7.849103774033568,23.755555508931476,39.89999993218316,1,660,0.28712028143639134,-0.3982183118755979
ImageNet16-120,2;0;0;4;0,15,36.2192592107137,5.1956423083328,15.255555508083763,40.73333323160807,1,120,0.21228931549955354,-0.4286203580751949
ImageNet16-120,2;0;1;0;3,60,22.025740714581804,6.368764670082095,19.59999999745687,33.1333333384196,1,660,0.32474335082072475,-0.2555084173386668
ImageNet16-120,2;0;1;1;2,180,28.995524649483478,8.333071877424313,26.48333334096273,40.13333331807455,1,2340,0.3999073474778385,-0.3531969147224744
ImageNet16-120,2;0;1;2;1,180,34.33243822359391,7.485669361281564,28.788888862186006,44.68888883802626,1,2340,0.37196614779411613,-0.21801148941526027
ImageNet16-120,2;0;1;3;0,60,37.60509254690099,5.266053474347909,21.055555490281847,44.98888876003689,1,660,0.3062112474828246,-0.18667354072691494
ImageNet16-120,2;0;2;0;2,90,27.601543169619713,7.2158695098933885,23.58333325195312,37.51666655985514,1,1080,0.36170120261446453,-0.49997611963517796
ImageNet16-120,2;0;2;1;1,180,34.362160450334905,7.06688665656558,27.16111114671495,43.01666668192546,1,2340,0.37094325354267843,-0.20150546188003426
ImageNet16-120,2;0;2;2;0,90,38.36481475996795,4.989491832124653,25.261111083984378,45.34999996439616,1,1080,0.3021843756636605,-0.20264817452587391
ImageNet16-120,2;0;3;0;1,60,32.05712959775572,6.1858982757619545,23.183333330790205,38.89999997965495,1,660,0.2574389095570729,-0.26364025213993153
ImageNet16-120,2;0;3;1;0,60,37.349629574549645,5.2019930064959885,20.19999991522895,43.53333323838976,1,660,0.25235774952338585,-0.13433908417321483
ImageNet16-120,2;0;4;0;0,15,30.65407403129295,5.799908275368514,15.583333346048988,35.36666666666667,1,120,0.20324317393584324,-0.4221251897692906
ImageNet16-120,2;1;0;0;3,60,16.594351830779182,3.665531170448681,16.711111074235706,29.97777772691515,1,660,0.3537597375258957,-0.6270364943312389
ImageNet16-120,2;1;0;1;2,180,27.41626539546354,8.364678551360946,25.70555554792616,39.38888885837131,1,2340,0.3490862714388267,-0.15016295848178293
ImageNet16-120,2;1;0;2;1,180,34.430678958530194,7.475303115280968,28.077777835422097,44.46666668192546,1,2340,0.2890371711090355,-0.07989210383427153
ImageNet16-120,2;1;0;3;0,60,37.50870365683944,5.30250109244214,21.6999999923706,45.31666665140787,1,660,0.07263287497076809,-0.1732096013891168
ImageNet16-120,2;1;1;0;2,180,25.536049349410444,6.935237923762116,20.583333329518638,34.28333331298828,1,2340,0.36330565714363516,-0.2636472802619479
ImageNet16-120,2;1;1;1;1,360,34.107114150481756,7.08647161887639,27.005555495791967,43.12222215101454,1,5040,0.37239703835972493,-0.11105864207256502
ImageNet16-120,2;1;1;2;0,180,38.89327155298775,4.458018119528845,18.049999994913737,45.099999944051106,1,2340,0.2178562720038748,-0.10603564351815047
ImageNet16-120,2;1;2;0;1,180,31.94234563218105,5.924259601445493,22.350000072479254,38.71666669209799,1,2340,0.3042261972273457,-0.14790854643551346
ImageNet16-120,2;1;2;1;0,180,37.89515426975297,4.889365114472076,22.933333239237466,44.04999988301595,1,2340,0.2768324239360656,-0.10240215457733011
ImageNet16-120,2;1;3;0;0,60,32.8820369902858,3.6175244012753196,19.32222209591336,39.022222100151915,1,660,0.08881880954088311,-0.23176060940415094
ImageNet16-120,2;2;0;0;2,90,19.386111085298328,4.5690085263194,16.29999995803833,29.899999944051107,1,1080,0.3297348234663985,-0.40391317184616166
ImageNet16-120,2;2;0;1;1,180,31.969969091681495,7.604716292348788,24.344444374932184,40.3999998948839,1,2340,0.3043849074663985,-0.09158545394524081
ImageNet16-120,2;2;0;2;0,90,38.37851846275801,4.360032041038991,19.716666615804034,44.233333221435544,1,1080,0.045215762563243916,0.01910535188449964
ImageNet16-120,2;2;1;0;1,180,29.44864192960998,5.9248313292173185,19.055555502149787,34.94444438680012,1,2340,0.2916953872122205,-0.19304887235150026
ImageNet16-120,2;2;1;1;0,180,37.77626538498019,4.324266577037984,13.900000008477104,43.03333333333333,1,2340,0.30873984915971725,0.054685215433893264
ImageNet16-120,2;2;2;0;0,90,33.39962958547333,2.9587332923453578,21.316666526794435,38.31666653442383,1,1080,0.02136532716394253,-0.23925179002752212
ImageNet16-120,2;3;0;0;1,60,22.98907404282182,4.321516761529169,14.399999961005317,30.022222169664172,1,660,0.20911322369888072,-0.15719586731888294
ImageNet16-120,2;3;0;1;0,60,36.29462958112645,5.213026667905115,13.455555596245656,40.4222222120497,1,660,0.1957859941076786,-0.08089924182435479
ImageNet16-120,2;3;1;0;0,60,32.29583328692119,2.6470930184808177,8.016666642083067,34.966666573418514,1,660,0.18384056968775597,0.11838423565758956
ImageNet16-120,2;4;0;0;0,15,27.983703658040366,1.0836295187621394,3.0888888838026247,30.055555504692922,1,120,0.04231730976631287,-0.6954754489002557
ImageNet16-120,3;0;0;0;3,20,12.874722201220191,5.234287316435027,16.111111073387995,16.94444440544976,1,180,0.058667561862253824,-0.39116146573335286
ImageNet16-120,3;0;0;1;2,60,18.83833330479728,11.16746276304391,38.46666656621297,39.29999989827474,1,660,0.35831773659815297,-0.4099011393272499
ImageNet16-120,3;0;0;2;1,60,23.796296260157337,13.659818933289339,38.89999988449944,39.73333321634928,1,660,0.3407226326653886,-0.48032949076728665
ImageNet16-120,3;0;0;3;0,20,27.156388857534193,14.344686303545393,39.79999991967943,40.633333251953125,1,180,0.2301866492717205,-0.48442992571837745
ImageNet16-120,3;0;1;0;2,60,18.109722197059348,9.623303995477176,32.49999987475078,33.33333320617676,1,660,0.31546908941831664,-0.2646606616963777
ImageNet16-120,3;0;1;1;1,120,23.886064785793092,12.947908438092663,39.33333327971564,40.16666661071777,1,1440,0.36453366236781476,-0.27043173069288395
ImageNet16-120,3;0;1;2;0,60,29.70749995341831,13.123236400950505,43.69999993006388,44.53333326212565,1,660,0.27010105693095104,-0.1743395819215611
ImageNet16-120,3;0;2;0;1,60,22.35990737788942,11.395324188820698,36.43333322313097,37.26666655476888,1,660,0.30799031485745587,-0.48899415784398637
ImageNet16-120,3;0;2;1;0,60,28.88509255184244,12.64841004997805,42.266666586769944,43.09999991861979,1,660,0.26417111939576315,-0.361056001846825
ImageNet16-120,3;0;3;0;0,20,24.016944420565498,12.4346875670893,34.433333308855694,35.26666664123535,1,180,0.1485741501656929,-0.47711907668045184
ImageNet16-120,3;1;0;0;2,60,15.658796274845688,7.82675420823288,29.599999976899888,30.433333307902018,1,660,0.29796711635252604,-0.2732148392138439
ImageNet16-120,3;1;0;1;1,120,23.634074043116748,13.048185723669178,38.9333333407508,39.76666667175293,1,1440,0.33171466025672336,-0.07867375582112211
ImageNet16-120,3;1;0;2;0,60,30.249074029583408,13.445604654374963,43.33333317693074,44.16666650899251,1,660,0.2003814201942967,-0.11665264609654427
ImageNet16-120,3;1;1;0;1,120,22.160509231226534,11.163295125261964,33.49999997923109,34.33333331044515,1,1440,0.3257295111012023,-0.3033493204660448
ImageNet16-120,3;1;1;1;0,120,29.96717588236067,12.772167047806983,42.34999994595845,43.183333277384435,1,1440,0.27349574352905887,-0.127821871333524
ImageNet16-120,3;1;2;0;0,60,25.898518477983824,11.767459774444175,36.97777766778734,37.81111099921333,1,660,0.21322709315365665,-0.15839605829803644
ImageNet16-120,3;2;0;0;1,60,19.48166664194531,9.716803622791817,29.383333253648548,30.21666658528646,1,660,0.2421897823032249,0.09781936723410697
ImageNet16-120,3;2;0;1;0,60,29.915833294190307,12.999465142255499,39.416666694005336,40.25000002543132,1,660,0.19126815275661146,-0.25352816355035035
ImageNet16-120,3;2;1;0;0,60,26.942592553816898,11.12856348406568,34.166666631062824,34.999999962700734,1,660,0.1908321304872937,-0.2291196137963811
ImageNet16-120,3;3;0;0;0,20,25.18444440887239,10.259643536723564,29.48888882891337,30.322222161187067,1,180,-0.02373194942333282,-0.10739989197191206
ImageNet16-120,4;0;0;0;2,15,7.77888887808058,7.474436036704807,15.983333313835992,16.81666664505005,1,120,0.10836125489045198,-0.3711272035080817
ImageNet16-120,4;0;0;1;1,30,12.348518501027424,14.183324603509687,38.566666607538856,39.39999993896484,1,270,0.25833412054722327,-0.5804777988490188
ImageNet16-120,4;0;0;2;0,15,17.151481453634194,17.851753175237675,38.98333320299785,39.81666653442383,1,120,0.14689242275970968,-0.4249480465162404
ImageNet16-120,4;0;1;0;1,30,11.518888873432301,12.446873225089474,32.083333279291786,32.91666661071777,1,270,0.21444838869416916,-0.5558878380710436
ImageNet16-120,4;0;1;1;0,30,16.908148131653114,17.30116170725969,39.049999987284345,39.88333331807455,1,270,0.18644462743250367,-0.4219499900305692
ImageNet16-120,4;0;2;0;0,15,14.545185166945283,15.053657488744468,32.74999996121725,33.58333329264323,1,120,0.14762866560144686,-0.5604766008579137
ImageNet16-120,4;1;0;0;1,30,10.310185169834561,11.058487504982514,29.416666572146944,30.249999903361,1,270,0.2519431424891057,-0.5581764709174488
ImageNet16-120,4;1;0;1;0,30,17.127962937143113,17.680718149530907,38.56666667344835,39.40000000508626,1,270,0.1379998409312713,-0.4016991073404592
ImageNet16-120,4;1;1;0;0,30,15.221296277448864,15.423736170439675,32.58333329179552,33.41666662343343,1,270,0.15288354229217213,0.004286150551140271
ImageNet16-120,4;2;0;0;0,15,14.220740721215146,14.314563985677488,29.14444443766276,29.977777769300673,1,120,0.0638028070754284,-0.5307934053020649
ImageNet16-120,5;0;0;0;1,6,3.444444438722399,5.838621930160552,15.666666637420656,16.499999969482424,1,30,-0.19999999999999996,-1.0
ImageNet16-120,5;0;0;1;0,6,7.286111088964675,14.428849707849182,38.71666654099358,39.54999987284342,1,30,-0.20000000000000004,-1.0
ImageNet16-120,5;0;1;0;0,6,6.199999998022008,12.000231476721487,32.199999993642166,33.033333325703936,1,30,-0.20000000000000007,-0.9999999999999999
ImageNet16-120,5;1;0;0;0,6,5.611111106236776,10.683435884063849,28.666666644414267,29.499999976264107,1,30,-0.2,-1.0
ImageNet16-120,6;0;0;0;0,1,0.8333333329094782,0.0,0.0,0.8333333329094782,1,0,nan,nan
