objective,operator,n,seed,hit_generation,censored,status
hamming,swap,6,0,14,False,ok
hamming,swap,6,1,32,False,ok
hamming,swap,6,2,21,False,ok
hamming,swap,6,3,0,False,ok
hamming,swap,6,4,55,False,ok
hamming,swap,6,5,29,False,ok
hamming,swap,6,6,8,False,ok
hamming,swap,6,7,18,False,ok
hamming,swap,6,8,12,False,ok
hamming,swap,6,9,20,False,ok
hamming,swap,6,10,17,False,ok
hamming,swap,6,11,82,False,ok
hamming,swap,6,12,4,False,ok
hamming,swap,6,13,24,False,ok
hamming,swap,6,14,4,False,ok
hamming,swap,8,0,56,False,ok
hamming,swap,8,1,63,False,ok
hamming,swap,8,2,154,False,ok
hamming,swap,8,3,41,False,ok
hamming,swap,8,4,58,False,ok
hamming,swap,8,5,155,False,ok
hamming,swap,8,6,68,False,ok
hamming,swap,8,7,64,False,ok
hamming,swap,8,8,20,False,ok
hamming,swap,8,9,36,False,ok
hamming,swap,8,10,54,False,ok
hamming,swap,8,11,55,False,ok
hamming,swap,8,12,104,False,ok
hamming,swap,8,13,48,False,ok
hamming,swap,8,14,20,False,ok
hamming,swap,10,0,78,False,ok
hamming,swap,10,1,32,False,ok
hamming,swap,10,2,209,False,ok
hamming,swap,10,3,121,False,ok
hamming,swap,10,4,74,False,ok
hamming,swap,10,5,149,False,ok
hamming,swap,10,6,156,False,ok
hamming,swap,10,7,65,False,ok
hamming,swap,10,8,119,False,ok
hamming,swap,10,9,109,False,ok
hamming,swap,10,10,250,False,ok
hamming,swap,10,11,136,False,ok
hamming,swap,10,12,72,False,ok
hamming,swap,10,13,100,False,ok
hamming,swap,10,14,33,False,ok
hamming,swap,12,0,359,False,ok
hamming,swap,12,1,104,False,ok
hamming,swap,12,2,265,False,ok
hamming,swap,12,3,198,False,ok
hamming,swap,12,4,103,False,ok
hamming,swap,12,5,271,False,ok
hamming,swap,12,6,93,False,ok
hamming,swap,12,7,156,False,ok
hamming,swap,12,8,134,False,ok
hamming,swap,12,9,277,False,ok
hamming,swap,12,10,122,False,ok
hamming,swap,12,11,190,False,ok
hamming,swap,12,12,189,False,ok
hamming,swap,12,13,174,False,ok
hamming,swap,12,14,192,False,ok
hamming,swap,14,0,181,False,ok
hamming,swap,14,1,162,False,ok
hamming,swap,14,2,299,False,ok
hamming,swap,14,3,227,False,ok
hamming,swap,14,4,192,False,ok
hamming,swap,14,5,194,False,ok
hamming,swap,14,6,229,False,ok
hamming,swap,14,7,322,False,ok
hamming,swap,14,8,273,False,ok
hamming,swap,14,9,369,False,ok
hamming,swap,14,10,191,False,ok
hamming,swap,14,11,213,False,ok
hamming,swap,14,12,150,False,ok
hamming,swap,14,13,226,False,ok
hamming,swap,14,14,282,False,ok
hamming,swap,16,0,410,False,ok
hamming,swap,16,1,287,False,ok
hamming,swap,16,2,363,False,ok
hamming,swap,16,3,375,False,ok
hamming,swap,16,4,602,False,ok
hamming,swap,16,5,157,False,ok
hamming,swap,16,6,349,False,ok
hamming,swap,16,7,433,False,ok
hamming,swap,16,8,656,False,ok
hamming,swap,16,9,329,False,ok
hamming,swap,16,10,252,False,ok
hamming,swap,16,11,266,False,ok
hamming,swap,16,12,540,False,ok
hamming,swap,16,13,713,False,ok
hamming,swap,16,14,339,False,ok
hamming,insert,6,0,10000,True,censored
hamming,insert,6,1,10000,True,censored
hamming,insert,6,2,55,False,ok
hamming,insert,6,3,0,False,ok
hamming,insert,6,4,10000,True,censored
hamming,insert,6,5,56,False,ok
hamming,insert,6,6,32,False,ok
hamming,insert,6,7,61,False,ok
hamming,insert,6,8,10000,True,censored
hamming,insert,6,9,67,False,ok
hamming,insert,6,10,10000,True,censored
hamming,insert,6,11,10000,True,censored
hamming,insert,6,12,61,False,ok
hamming,insert,6,13,28,False,ok
hamming,insert,6,14,10000,True,censored
hamming,insert,8,0,360,False,ok
hamming,insert,8,1,10000,True,censored
hamming,insert,8,2,10000,True,censored
hamming,insert,8,3,10000,True,censored
hamming,insert,8,4,10000,True,censored
hamming,insert,8,5,10000,True,censored
hamming,insert,8,6,10000,True,censored
hamming,insert,8,7,10000,True,censored
hamming,insert,8,8,10000,True,censored
hamming,insert,8,9,10000,True,censored
hamming,insert,8,10,10000,True,censored
hamming,insert,8,11,10000,True,censored
hamming,insert,8,12,10000,True,censored
hamming,insert,8,13,10000,True,censored
hamming,insert,8,14,10000,True,censored
hamming,insert,10,0,10000,True,skipped
hamming,insert,10,1,10000,True,skipped
hamming,insert,10,2,10000,True,skipped
hamming,insert,10,3,10000,True,skipped
hamming,insert,10,4,10000,True,skipped
hamming,insert,10,5,10000,True,skipped
hamming,insert,10,6,10000,True,skipped
hamming,insert,10,7,10000,True,skipped
hamming,insert,10,8,10000,True,skipped
hamming,insert,10,9,10000,True,skipped
hamming,insert,10,10,10000,True,skipped
hamming,insert,10,11,10000,True,skipped
hamming,insert,10,12,10000,True,skipped
hamming,insert,10,13,10000,True,skipped
hamming,insert,10,14,10000,True,skipped
hamming,insert,12,0,10000,True,skipped
hamming,insert,12,1,10000,True,skipped
hamming,insert,12,2,10000,True,skipped
hamming,insert,12,3,10000,True,skipped
hamming,insert,12,4,10000,True,skipped
hamming,insert,12,5,10000,True,skipped
hamming,insert,12,6,10000,True,skipped
hamming,insert,12,7,10000,True,skipped
hamming,insert,12,8,10000,True,skipped
hamming,insert,12,9,10000,True,skipped
hamming,insert,12,10,10000,True,skipped
hamming,insert,12,11,10000,True,skipped
hamming,insert,12,12,10000,True,skipped
hamming,insert,12,13,10000,True,skipped
hamming,insert,12,14,10000,True,skipped
hamming,insert,14,0,10000,True,skipped
hamming,insert,14,1,10000,True,skipped
hamming,insert,14,2,10000,True,skipped
hamming,insert,14,3,10000,True,skipped
hamming,insert,14,4,10000,True,skipped
hamming,insert,14,5,10000,True,skipped
hamming,insert,14,6,10000,True,skipped
hamming,insert,14,7,10000,True,skipped
hamming,insert,14,8,10000,True,skipped
hamming,insert,14,9,10000,True,skipped
hamming,insert,14,10,10000,True,skipped
hamming,insert,14,11,10000,True,skipped
hamming,insert,14,12,10000,True,skipped
hamming,insert,14,13,10000,True,skipped
hamming,insert,14,14,10000,True,skipped
hamming,insert,16,0,10000,True,skipped
hamming,insert,16,1,10000,True,skipped
hamming,insert,16,2,10000,True,skipped
hamming,insert,16,3,10000,True,skipped
hamming,insert,16,4,10000,True,skipped
hamming,insert,16,5,10000,True,skipped
hamming,insert,16,6,10000,True,skipped
hamming,insert,16,7,10000,True,skipped
hamming,insert,16,8,10000,True,skipped
hamming,insert,16,9,10000,True,skipped
hamming,insert,16,10,10000,True,skipped
hamming,insert,16,11,10000,True,skipped
hamming,insert,16,12,10000,True,skipped
hamming,insert,16,13,10000,True,skipped
hamming,insert,16,14,10000,True,skipped
hamming,inversion,6,0,107,False,ok
hamming,inversion,6,1,32,False,ok
hamming,inversion,6,2,10000,True,censored
hamming,inversion,6,3,0,False,ok
hamming,inversion,6,4,55,False,ok
hamming,inversion,6,5,137,False,ok
hamming,inversion,6,6,35,False,ok
hamming,inversion,6,7,18,False,ok
hamming,inversion,6,8,181,False,ok
hamming,inversion,6,9,20,False,ok
hamming,inversion,6,10,10000,True,censored
hamming,inversion,6,11,252,False,ok
hamming,inversion,6,12,4,False,ok
hamming,inversion,6,13,156,False,ok
hamming,inversion,6,14,10000,True,censored
hamming,inversion,8,0,360,False,ok
hamming,inversion,8,1,33,False,ok
hamming,inversion,8,2,10000,True,censored
hamming,inversion,8,3,371,False,ok
hamming,inversion,8,4,10000,True,censored
hamming,inversion,8,5,10000,True,censored
hamming,inversion,8,6,10000,True,censored
hamming,inversion,8,7,10000,True,censored
hamming,inversion,8,8,10000,True,censored
hamming,inversion,8,9,71,False,ok
hamming,inversion,8,10,301,False,ok
hamming,inversion,8,11,167,False,ok
hamming,inversion,8,12,10000,True,censored
hamming,inversion,8,13,91,False,ok
hamming,inversion,8,14,10000,True,censored
hamming,inversion,10,0,1703,False,ok
hamming,inversion,10,1,1115,False,ok
hamming,inversion,10,2,10000,True,censored
hamming,inversion,10,3,10000,True,censored
hamming,inversion,10,4,10000,True,censored
hamming,inversion,10,5,10000,True,censored
hamming,inversion,10,6,10000,True,censored
hamming,inversion,10,7,10000,True,censored
hamming,inversion,10,8,10000,True,censored
hamming,inversion,10,9,10000,True,censored
hamming,inversion,10,10,10000,True,censored
hamming,inversion,10,11,1295,False,ok
hamming,inversion,10,12,10000,True,censored
hamming,inversion,10,13,10000,True,censored
hamming,inversion,10,14,10000,True,censored
hamming,inversion,12,0,10000,True,censored
hamming,inversion,12,1,825,False,ok
hamming,inversion,12,2,10000,True,censored
hamming,inversion,12,3,10000,True,censored
hamming,inversion,12,4,10000,True,censored
hamming,inversion,12,5,10000,True,censored
hamming,inversion,12,6,10000,True,censored
hamming,inversion,12,7,10000,True,censored
hamming,inversion,12,8,10000,True,censored
hamming,inversion,12,9,10000,True,censored
hamming,inversion,12,10,10000,True,censored
hamming,inversion,12,11,10000,True,censored
hamming,inversion,12,12,10000,True,censored
hamming,inversion,12,13,10000,True,censored
hamming,inversion,12,14,10000,True,censored
hamming,inversion,14,0,10000,True,skipped
hamming,inversion,14,1,10000,True,skipped
hamming,inversion,14,2,10000,True,skipped
hamming,inversion,14,3,10000,True,skipped
hamming,inversion,14,4,10000,True,skipped
hamming,inversion,14,5,10000,True,skipped
hamming,inversion,14,6,10000,True,skipped
hamming,inversion,14,7,10000,True,skipped
hamming,inversion,14,8,10000,True,skipped
hamming,inversion,14,9,10000,True,skipped
hamming,inversion,14,10,10000,True,skipped
hamming,inversion,14,11,10000,True,skipped
hamming,inversion,14,12,10000,True,skipped
hamming,inversion,14,13,10000,True,skipped
hamming,inversion,14,14,10000,True,skipped
hamming,inversion,16,0,10000,True,skipped
hamming,inversion,16,1,10000,True,skipped
hamming,inversion,16,2,10000,True,skipped
hamming,inversion,16,3,10000,True,skipped
hamming,inversion,16,4,10000,True,skipped
hamming,inversion,16,5,10000,True,skipped
hamming,inversion,16,6,10000,True,skipped
hamming,inversion,16,7,10000,True,skipped
hamming,inversion,16,8,10000,True,skipped
hamming,inversion,16,9,10000,True,skipped
hamming,inversion,16,10,10000,True,skipped
hamming,inversion,16,11,10000,True,skipped
hamming,inversion,16,12,10000,True,skipped
hamming,inversion,16,13,10000,True,skipped
hamming,inversion,16,14,10000,True,skipped
hamming,scramble,6,0,68,False,ok
hamming,scramble,6,1,236,False,ok
hamming,scramble,6,2,102,False,ok
hamming,scramble,6,3,0,False,ok
hamming,scramble,6,4,19,False,ok
hamming,scramble,6,5,1196,False,ok
hamming,scramble,6,6,32,False,ok
hamming,scramble,6,7,76,False,ok
hamming,scramble,6,8,108,False,ok
hamming,scramble,6,9,79,False,ok
hamming,scramble,6,10,5244,False,ok
hamming,scramble,6,11,69,False,ok
hamming,scramble,6,12,6,False,ok
hamming,scramble,6,13,32,False,ok
hamming,scramble,6,14,3747,False,ok
hamming,scramble,8,0,10000,True,censored
hamming,scramble,8,1,110,False,ok
hamming,scramble,8,2,4421,False,ok
hamming,scramble,8,3,2020,False,ok
hamming,scramble,8,4,10000,True,censored
hamming,scramble,8,5,1651,False,ok
hamming,scramble,8,6,43,False,ok
hamming,scramble,8,7,5214,False,ok
hamming,scramble,8,8,2519,False,ok
hamming,scramble,8,9,510,False,ok
hamming,scramble,8,10,31,False,ok
hamming,scramble,8,11,48,False,ok
hamming,scramble,8,12,356,False,ok
hamming,scramble,8,13,386,False,ok
hamming,scramble,8,14,10000,True,censored
hamming,scramble,10,0,5400,False,ok
hamming,scramble,10,1,10000,True,censored
hamming,scramble,10,2,10000,True,censored
hamming,scramble,10,3,968,False,ok
hamming,scramble,10,4,2736,False,ok
hamming,scramble,10,5,10000,True,censored
hamming,scramble,10,6,10000,True,censored
hamming,scramble,10,7,10000,True,censored
hamming,scramble,10,8,10000,True,censored
hamming,scramble,10,9,10000,True,censored
hamming,scramble,10,10,1986,False,ok
hamming,scramble,10,11,10000,True,censored
hamming,scramble,10,12,9160,False,ok
hamming,scramble,10,13,10000,True,censored
hamming,scramble,10,14,10000,True,censored
hamming,scramble,12,0,10000,True,censored
hamming,scramble,12,1,10000,True,censored
hamming,scramble,12,2,10000,True,censored
hamming,scramble,12,3,3714,False,ok
hamming,scramble,12,4,10000,True,censored
hamming,scramble,12,5,10000,True,censored
hamming,scramble,12,6,4056,False,ok
hamming,scramble,12,7,10000,True,censored
hamming,scramble,12,8,10000,True,censored
hamming,scramble,12,9,10000,True,censored
hamming,scramble,12,10,10000,True,censored
hamming,scramble,12,11,10000,True,censored
hamming,scramble,12,12,10000,True,censored
hamming,scramble,12,13,1039,False,ok
hamming,scramble,12,14,10000,True,censored
hamming,scramble,14,0,10000,True,censored
hamming,scramble,14,1,10000,True,censored
hamming,scramble,14,2,10000,True,censored
hamming,scramble,14,3,10000,True,censored
hamming,scramble,14,4,10000,True,censored
hamming,scramble,14,5,10000,True,censored
hamming,scramble,14,6,10000,True,censored
hamming,scramble,14,7,10000,True,censored
hamming,scramble,14,8,10000,True,censored
hamming,scramble,14,9,10000,True,censored
hamming,scramble,14,10,10000,True,censored
hamming,scramble,14,11,10000,True,censored
hamming,scramble,14,12,10000,True,censored
hamming,scramble,14,13,10000,True,censored
hamming,scramble,14,14,10000,True,censored
hamming,scramble,16,0,10000,True,skipped
hamming,scramble,16,1,10000,True,skipped
hamming,scramble,16,2,10000,True,skipped
hamming,scramble,16,3,10000,True,skipped
hamming,scramble,16,4,10000,True,skipped
hamming,scramble,16,5,10000,True,skipped
hamming,scramble,16,6,10000,True,skipped
hamming,scramble,16,7,10000,True,skipped
hamming,scramble,16,8,10000,True,skipped
hamming,scramble,16,9,10000,True,skipped
hamming,scramble,16,10,10000,True,skipped
hamming,scramble,16,11,10000,True,skipped
hamming,scramble,16,12,10000,True,skipped
hamming,scramble,16,13,10000,True,skipped
hamming,scramble,16,14,10000,True,skipped
kendall,swap,6,0,34,False,ok
kendall,swap,6,1,32,False,ok
kendall,swap,6,2,51,False,ok
kendall,swap,6,3,0,False,ok
kendall,swap,6,4,57,False,ok
kendall,swap,6,5,28,False,ok
kendall,swap,6,6,35,False,ok
kendall,swap,6,7,24,False,ok
kendall,swap,6,8,19,False,ok
kendall,swap,6,9,12,False,ok
kendall,swap,6,10,32,False,ok
kendall,swap,6,11,25,False,ok
kendall,swap,6,12,4,False,ok
kendall,swap,6,13,24,False,ok
kendall,swap,6,14,44,False,ok
kendall,swap,8,0,33,False,ok
kendall,swap,8,1,70,False,ok
kendall,swap,8,2,154,False,ok
kendall,swap,8,3,101,False,ok
kendall,swap,8,4,104,False,ok
kendall,swap,8,5,115,False,ok
kendall,swap,8,6,68,False,ok
kendall,swap,8,7,57,False,ok
kendall,swap,8,8,169,False,ok
kendall,swap,8,9,114,False,ok
kendall,swap,8,10,96,False,ok
kendall,swap,8,11,55,False,ok
kendall,swap,8,12,53,False,ok
kendall,swap,8,13,62,False,ok
kendall,swap,8,14,28,False,ok
kendall,swap,10,0,143,False,ok
kendall,swap,10,1,172,False,ok
kendall,swap,10,2,201,False,ok
kendall,swap,10,3,38,False,ok
kendall,swap,10,4,125,False,ok
kendall,swap,10,5,114,False,ok
kendall,swap,10,6,174,False,ok
kendall,swap,10,7,205,False,ok
kendall,swap,10,8,193,False,ok
kendall,swap,10,9,145,False,ok
kendall,swap,10,10,250,False,ok
kendall,swap,10,11,170,False,ok
kendall,swap,10,12,163,False,ok
kendall,swap,10,13,135,False,ok
kendall,swap,10,14,119,False,ok
kendall,swap,12,0,111,False,ok
kendall,swap,12,1,179,False,ok
kendall,swap,12,2,178,False,ok
kendall,swap,12,3,120,False,ok
kendall,swap,12,4,110,False,ok
kendall,swap,12,5,236,False,ok
kendall,swap,12,6,165,False,ok
kendall,swap,12,7,326,False,ok
kendall,swap,12,8,145,False,ok
kendall,swap,12,9,212,False,ok
kendall,swap,12,10,249,False,ok
kendall,swap,12,11,187,False,ok
kendall,swap,12,12,454,False,ok
kendall,swap,12,13,104,False,ok
kendall,swap,12,14,210,False,ok
kendall,swap,14,0,347,False,ok
kendall,swap,14,1,230,False,ok
kendall,swap,14,2,287,False,ok
kendall,swap,14,3,382,False,ok
kendall,swap,14,4,304,False,ok
kendall,swap,14,5,168,False,ok
kendall,swap,14,6,420,False,ok
kendall,swap,14,7,316,False,ok
kendall,swap,14,8,217,False,ok
kendall,swap,14,9,286,False,ok
kendall,swap,14,10,373,False,ok
kendall,swap,14,11,568,False,ok
kendall,swap,14,12,444,False,ok
kendall,swap,14,13,537,False,ok
kendall,swap,14,14,212,False,ok
kendall,swap,16,0,355,False,ok
kendall,swap,16,1,355,False,ok
kendall,swap,16,2,267,False,ok
kendall,swap,16,3,464,False,ok
kendall,swap,16,4,630,False,ok
kendall,swap,16,5,324,False,ok
kendall,swap,16,6,447,False,ok
kendall,swap,16,7,737,False,ok
kendall,swap,16,8,347,False,ok
kendall,swap,16,9,431,False,ok
kendall,swap,16,10,312,False,ok
kendall,swap,16,11,602,False,ok
kendall,swap,16,12,516,False,ok
kendall,swap,16,13,411,False,ok
kendall,swap,16,14,407,False,ok
kendall,insert,6,0,26,False,ok
kendall,insert,6,1,18,False,ok
kendall,insert,6,2,46,False,ok
kendall,insert,6,3,0,False,ok
kendall,insert,6,4,25,False,ok
kendall,insert,6,5,28,False,ok
kendall,insert,6,6,35,False,ok
kendall,insert,6,7,27,False,ok
kendall,insert,6,8,5,False,ok
kendall,insert,6,9,12,False,ok
kendall,insert,6,10,22,False,ok
kendall,insert,6,11,12,False,ok
kendall,insert,6,12,39,False,ok
kendall,insert,6,13,4,False,ok
kendall,insert,6,14,20,False,ok
kendall,insert,8,0,33,False,ok
kendall,insert,8,1,81,False,ok
kendall,insert,8,2,85,False,ok
kendall,insert,8,3,101,False,ok
kendall,insert,8,4,93,False,ok
kendall,insert,8,5,115,False,ok
kendall,insert,8,6,90,False,ok
kendall,insert,8,7,57,False,ok
kendall,insert,8,8,122,False,ok
kendall,insert,8,9,62,False,ok
kendall,insert,8,10,36,False,ok
kendall,insert,8,11,35,False,ok
kendall,insert,8,12,37,False,ok
kendall,insert,8,13,62,False,ok
kendall,insert,8,14,44,False,ok
kendall,insert,10,0,103,False,ok
kendall,insert,10,1,135,False,ok
kendall,insert,10,2,153,False,ok
kendall,insert,10,3,121,False,ok
kendall,insert,10,4,73,False,ok
kendall,insert,10,5,114,False,ok
kendall,insert,10,6,39,False,ok
kendall,insert,10,7,130,False,ok
kendall,insert,10,8,193,False,ok
kendall,insert,10,9,71,False,ok
kendall,insert,10,10,186,False,ok
kendall,insert,10,11,55,False,ok
kendall,insert,10,12,108,False,ok
kendall,insert,10,13,155,False,ok
kendall,insert,10,14,181,False,ok
kendall,insert,12,0,111,False,ok
kendall,insert,12,1,126,False,ok
kendall,insert,12,2,216,False,ok
kendall,insert,12,3,244,False,ok
kendall,insert,12,4,92,False,ok
kendall,insert,12,5,236,False,ok
kendall,insert,12,6,128,False,ok
kendall,insert,12,7,326,False,ok
kendall,insert,12,8,255,False,ok
kendall,insert,12,9,212,False,ok
kendall,insert,12,10,224,False,ok
kendall,insert,12,11,333,False,ok
kendall,insert,12,12,454,False,ok
kendall,insert,12,13,179,False,ok
kendall,insert,12,14,223,False,ok
kendall,insert,14,0,242,False,ok
kendall,insert,14,1,135,False,ok
kendall,insert,14,2,280,False,ok
kendall,insert,14,3,243,False,ok
kendall,insert,14,4,415,False,ok
kendall,insert,14,5,175,False,ok
kendall,insert,14,6,356,False,ok
kendall,insert,14,7,419,False,ok
kendall,insert,14,8,346,False,ok
kendall,insert,14,9,278,False,ok
kendall,insert,14,10,294,False,ok
kendall,insert,14,11,331,False,ok
kendall,insert,14,12,444,False,ok
kendall,insert,14,13,566,False,ok
kendall,insert,14,14,311,False,ok
kendall,insert,16,0,262,False,ok
kendall,insert,16,1,355,False,ok
kendall,insert,16,2,326,False,ok
kendall,insert,16,3,243,False,ok
kendall,insert,16,4,426,False,ok
kendall,insert,16,5,434,False,ok
kendall,insert,16,6,420,False,ok
kendall,insert,16,7,419,False,ok
kendall,insert,16,8,254,False,ok
kendall,insert,16,9,485,False,ok
kendall,insert,16,10,350,False,ok
kendall,insert,16,11,303,False,ok
kendall,insert,16,12,510,False,ok
kendall,insert,16,13,502,False,ok
kendall,insert,16,14,652,False,ok
kendall,inversion,6,0,34,False,ok
kendall,inversion,6,1,32,False,ok
kendall,inversion,6,2,51,False,ok
kendall,inversion,6,3,0,False,ok
kendall,inversion,6,4,57,False,ok
kendall,inversion,6,5,28,False,ok
kendall,inversion,6,6,35,False,ok
kendall,inversion,6,7,24,False,ok
kendall,inversion,6,8,47,False,ok
kendall,inversion,6,9,12,False,ok
kendall,inversion,6,10,63,False,ok
kendall,inversion,6,11,25,False,ok
kendall,inversion,6,12,4,False,ok
kendall,inversion,6,13,26,False,ok
kendall,inversion,6,14,44,False,ok
kendall,inversion,8,0,33,False,ok
kendall,inversion,8,1,33,False,ok
kendall,inversion,8,2,154,False,ok
kendall,inversion,8,3,101,False,ok
kendall,inversion,8,4,104,False,ok
kendall,inversion,8,5,115,False,ok
kendall,inversion,8,6,90,False,ok
kendall,inversion,8,7,57,False,ok
kendall,inversion,8,8,169,False,ok
kendall,inversion,8,9,43,False,ok
kendall,inversion,8,10,96,False,ok
kendall,inversion,8,11,55,False,ok
kendall,inversion,8,12,101,False,ok
kendall,inversion,8,13,62,False,ok
kendall,inversion,8,14,112,False,ok
kendall,inversion,10,0,143,False,ok
kendall,inversion,10,1,135,False,ok
kendall,inversion,10,2,201,False,ok
kendall,inversion,10,3,121,False,ok
kendall,inversion,10,4,125,False,ok
kendall,inversion,10,5,132,False,ok
kendall,inversion,10,6,165,False,ok
kendall,inversion,10,7,130,False,ok
kendall,inversion,10,8,236,False,ok
kendall,inversion,10,9,77,False,ok
kendall,inversion,10,10,186,False,ok
kendall,inversion,10,11,143,False,ok
kendall,inversion,10,12,224,False,ok
kendall,inversion,10,13,135,False,ok
kendall,inversion,10,14,161,False,ok
kendall,inversion,12,0,243,False,ok
kendall,inversion,12,1,304,False,ok
kendall,inversion,12,2,329,False,ok
kendall,inversion,12,3,139,False,ok
kendall,inversion,12,4,423,False,ok
kendall,inversion,12,5,236,False,ok
kendall,inversion,12,6,317,False,ok
kendall,inversion,12,7,326,False,ok
kendall,inversion,12,8,255,False,ok
kendall,inversion,12,9,326,False,ok
kendall,inversion,12,10,294,False,ok
kendall,inversion,12,11,284,False,ok
kendall,inversion,12,12,454,False,ok
kendall,inversion,12,13,104,False,ok
kendall,inversion,12,14,210,False,ok
kendall,inversion,14,0,347,False,ok
kendall,inversion,14,1,315,False,ok
kendall,inversion,14,2,212,False,ok
kendall,inversion,14,3,382,False,ok
kendall,inversion,14,4,304,False,ok
kendall,inversion,14,5,799,False,ok
kendall,inversion,14,6,738,False,ok
kendall,inversion,14,7,536,False,ok
kendall,inversion,14,8,315,False,ok
kendall,inversion,14,9,278,False,ok
kendall,inversion,14,10,560,False,ok
kendall,inversion,14,11,568,False,ok
kendall,inversion,14,12,620,False,ok
kendall,inversion,14,13,449,False,ok
kendall,inversion,14,14,200,False,ok
kendall,inversion,16,0,599,False,ok
kendall,inversion,16,1,615,False,ok
kendall,inversion,16,2,486,False,ok
kendall,inversion,16,3,943,False,ok
kendall,inversion,16,4,716,False,ok
kendall,inversion,16,5,460,False,ok
kendall,inversion,16,6,390,False,ok
kendall,inversion,16,7,554,False,ok
kendall,inversion,16,8,675,False,ok
kendall,inversion,16,9,605,False,ok
kendall,inversion,16,10,403,False,ok
kendall,inversion,16,11,912,False,ok
kendall,inversion,16,12,640,False,ok
kendall,inversion,16,13,413,False,ok
kendall,inversion,16,14,407,False,ok
kendall,scramble,6,0,68,False,ok
kendall,scramble,6,1,46,False,ok
kendall,scramble,6,2,45,False,ok
kendall,scramble,6,3,0,False,ok
kendall,scramble,6,4,20,False,ok
kendall,scramble,6,5,48,False,ok
kendall,scramble,6,6,5,False,ok
kendall,scramble,6,7,47,False,ok
kendall,scramble,6,8,54,False,ok
kendall,scramble,6,9,59,False,ok
kendall,scramble,6,10,28,False,ok
kendall,scramble,6,11,21,False,ok
kendall,scramble,6,12,6,False,ok
kendall,scramble,6,13,22,False,ok
kendall,scramble,6,14,14,False,ok
kendall,scramble,8,0,35,False,ok
kendall,scramble,8,1,98,False,ok
kendall,scramble,8,2,74,False,ok
kendall,scramble,8,3,133,False,ok
kendall,scramble,8,4,103,False,ok
kendall,scramble,8,5,28,False,ok
kendall,scramble,8,6,75,False,ok
kendall,scramble,8,7,30,False,ok
kendall,scramble,8,8,140,False,ok
kendall,scramble,8,9,23,False,ok
kendall,scramble,8,10,41,False,ok
kendall,scramble,8,11,74,False,ok
kendall,scramble,8,12,185,False,ok
kendall,scramble,8,13,122,False,ok
kendall,scramble,8,14,34,False,ok
kendall,scramble,10,0,119,False,ok
kendall,scramble,10,1,338,False,ok
kendall,scramble,10,2,288,False,ok
kendall,scramble,10,3,75,False,ok
kendall,scramble,10,4,144,False,ok
kendall,scramble,10,5,110,False,ok
kendall,scramble,10,6,115,False,ok
kendall,scramble,10,7,196,False,ok
kendall,scramble,10,8,70,False,ok
kendall,scramble,10,9,84,False,ok
kendall,scramble,10,10,130,False,ok
kendall,scramble,10,11,203,False,ok
kendall,scramble,10,12,164,False,ok
kendall,scramble,10,13,42,False,ok
kendall,scramble,10,14,184,False,ok
kendall,scramble,12,0,306,False,ok
kendall,scramble,12,1,142,False,ok
kendall,scramble,12,2,217,False,ok
kendall,scramble,12,3,154,False,ok
kendall,scramble,12,4,124,False,ok
kendall,scramble,12,5,303,False,ok
kendall,scramble,12,6,226,False,ok
kendall,scramble,12,7,335,False,ok
kendall,scramble,12,8,309,False,ok
kendall,scramble,12,9,221,False,ok
kendall,scramble,12,10,406,False,ok
kendall,scramble,12,11,259,False,ok
kendall,scramble,12,12,214,False,ok
kendall,scramble,12,13,166,False,ok
kendall,scramble,12,14,185,False,ok
kendall,scramble,14,0,238,False,ok
kendall,scramble,14,1,340,False,ok
kendall,scramble,14,2,519,False,ok
kendall,scramble,14,3,359,False,ok
kendall,scramble,14,4,462,False,ok
kendall,scramble,14,5,174,False,ok
kendall,scramble,14,6,429,False,ok
kendall,scramble,14,7,508,False,ok
kendall,scramble,14,8,421,False,ok
kendall,scramble,14,9,99,False,ok
kendall,scramble,14,10,418,False,ok
kendall,scramble,14,11,583,False,ok
kendall,scramble,14,12,178,False,ok
kendall,scramble,14,13,360,False,ok
kendall,scramble,14,14,203,False,ok
kendall,scramble,16,0,372,False,ok
kendall,scramble,16,1,416,False,ok
kendall,scramble,16,2,448,False,ok
kendall,scramble,16,3,656,False,ok
kendall,scramble,16,4,480,False,ok
kendall,scramble,16,5,402,False,ok
kendall,scramble,16,6,517,False,ok
kendall,scramble,16,7,608,False,ok
kendall,scramble,16,8,668,False,ok
kendall,scramble,16,9,371,False,ok
kendall,scramble,16,10,366,False,ok
kendall,scramble,16,11,752,False,ok
kendall,scramble,16,12,671,False,ok
kendall,scramble,16,13,906,False,ok
kendall,scramble,16,14,467,False,ok
adjacency,swap,6,0,13,False,ok
adjacency,swap,6,1,10000,True,censored
adjacency,swap,6,2,10000,True,censored
adjacency,swap,6,3,0,False,ok
adjacency,swap,6,4,10000,True,censored
adjacency,swap,6,5,10000,True,censored
adjacency,swap,6,6,10000,True,censored
adjacency,swap,6,7,65,False,ok
adjacency,swap,6,8,10000,True,censored
adjacency,swap,6,9,10000,True,censored
adjacency,swap,6,10,10000,True,censored
adjacency,swap,6,11,10000,True,censored
adjacency,swap,6,12,9,False,ok
adjacency,swap,6,13,6,False,ok
adjacency,swap,6,14,20,False,ok
adjacency,swap,8,0,10000,True,censored
adjacency,swap,8,1,10000,True,censored
adjacency,swap,8,2,174,False,ok
adjacency,swap,8,3,10000,True,censored
adjacency,swap,8,4,93,False,ok
adjacency,swap,8,5,115,False,ok
adjacency,swap,8,6,10000,True,censored
adjacency,swap,8,7,10000,True,censored
adjacency,swap,8,8,10000,True,censored
adjacency,swap,8,9,10000,True,censored
adjacency,swap,8,10,10000,True,censored
adjacency,swap,8,11,55,False,ok
adjacency,swap,8,12,10000,True,censored
adjacency,swap,8,13,17,False,ok
adjacency,swap,8,14,10000,True,censored
adjacency,swap,10,0,10000,True,censored
adjacency,swap,10,1,2099,False,ok
adjacency,swap,10,2,10000,True,censored
adjacency,swap,10,3,10000,True,censored
adjacency,swap,10,4,10000,True,censored
adjacency,swap,10,5,10000,True,censored
adjacency,swap,10,6,10000,True,censored
adjacency,swap,10,7,1148,False,ok
adjacency,swap,10,8,10000,True,censored
adjacency,swap,10,9,10000,True,censored
adjacency,swap,10,10,10000,True,censored
adjacency,swap,10,11,10000,True,censored
adjacency,swap,10,12,10000,True,censored
adjacency,swap,10,13,10000,True,censored
adjacency,swap,10,14,10000,True,censored
adjacency,swap,12,0,10000,True,censored
adjacency,swap,12,1,10000,True,censored
adjacency,swap,12,2,10000,True,censored
adjacency,swap,12,3,10000,True,censored
adjacency,swap,12,4,10000,True,censored
adjacency,swap,12,5,10000,True,censored
adjacency,swap,12,6,10000,True,censored
adjacency,swap,12,7,10000,True,censored
adjacency,swap,12,8,10000,True,censored
adjacency,swap,12,9,10000,True,censored
adjacency,swap,12,10,10000,True,censored
adjacency,swap,12,11,10000,True,censored
adjacency,swap,12,12,10000,True,censored
adjacency,swap,12,13,10000,True,censored
adjacency,swap,12,14,10000,True,censored
adjacency,swap,14,0,10000,True,skipped
adjacency,swap,14,1,10000,True,skipped
adjacency,swap,14,2,10000,True,skipped
adjacency,swap,14,3,10000,True,skipped
adjacency,swap,14,4,10000,True,skipped
adjacency,swap,14,5,10000,True,skipped
adjacency,swap,14,6,10000,True,skipped
adjacency,swap,14,7,10000,True,skipped
adjacency,swap,14,8,10000,True,skipped
adjacency,swap,14,9,10000,True,skipped
adjacency,swap,14,10,10000,True,skipped
adjacency,swap,14,11,10000,True,skipped
adjacency,swap,14,12,10000,True,skipped
adjacency,swap,14,13,10000,True,skipped
adjacency,swap,14,14,10000,True,skipped
adjacency,swap,16,0,10000,True,skipped
adjacency,swap,16,1,10000,True,skipped
adjacency,swap,16,2,10000,True,skipped
adjacency,swap,16,3,10000,True,skipped
adjacency,swap,16,4,10000,True,skipped
adjacency,swap,16,5,10000,True,skipped
adjacency,swap,16,6,10000,True,skipped
adjacency,swap,16,7,10000,True,skipped
adjacency,swap,16,8,10000,True,skipped
adjacency,swap,16,9,10000,True,skipped
adjacency,swap,16,10,10000,True,skipped
adjacency,swap,16,11,10000,True,skipped
adjacency,swap,16,12,10000,True,skipped
adjacency,swap,16,13,10000,True,skipped
adjacency,swap,16,14,10000,True,skipped
adjacency,insert,6,0,185,False,ok
adjacency,insert,6,1,796,False,ok
adjacency,insert,6,2,472,False,ok
adjacency,insert,6,3,0,False,ok
adjacency,insert,6,4,50,False,ok
adjacency,insert,6,5,87,False,ok
adjacency,insert,6,6,102,False,ok
adjacency,insert,6,7,65,False,ok
adjacency,insert,6,8,10,False,ok
adjacency,insert,6,9,489,False,ok
adjacency,insert,6,10,62,False,ok
adjacency,insert,6,11,25,False,ok
adjacency,insert,6,12,622,False,ok
adjacency,insert,6,13,936,False,ok
adjacency,insert,6,14,23,False,ok
adjacency,insert,8,0,4346,False,ok
adjacency,insert,8,1,327,False,ok
adjacency,insert,8,2,2032,False,ok
adjacency,insert,8,3,643,False,ok
adjacency,insert,8,4,49,False,ok
adjacency,insert,8,5,115,False,ok
adjacency,insert,8,6,5876,False,ok
adjacency,insert,8,7,2471,False,ok
adjacency,insert,8,8,1836,False,ok
adjacency,insert,8,9,226,False,ok
adjacency,insert,8,10,724,False,ok
adjacency,insert,8,11,4269,False,ok
adjacency,insert,8,12,566,False,ok
adjacency,insert,8,13,473,False,ok
adjacency,insert,8,14,138,False,ok
adjacency,insert,10,0,10000,True,censored
adjacency,insert,10,1,10000,True,censored
adjacency,insert,10,2,2999,False,ok
adjacency,insert,10,3,10000,True,censored
adjacency,insert,10,4,966,False,ok
adjacency,insert,10,5,750,False,ok
adjacency,insert,10,6,2534,False,ok
adjacency,insert,10,7,2070,False,ok
adjacency,insert,10,8,5174,False,ok
adjacency,insert,10,9,489,False,ok
adjacency,insert,10,10,5836,False,ok
adjacency,insert,10,11,1251,False,ok
adjacency,insert,10,12,1606,False,ok
adjacency,insert,10,13,10000,True,censored
adjacency,insert,10,14,6157,False,ok
adjacency,insert,12,0,10000,True,censored
adjacency,insert,12,1,5857,False,ok
adjacency,insert,12,2,10000,True,censored
adjacency,insert,12,3,7340,False,ok
adjacency,insert,12,4,10000,True,censored
adjacency,insert,12,5,5638,False,ok
adjacency,insert,12,6,10000,True,censored
adjacency,insert,12,7,3458,False,ok
adjacency,insert,12,8,10000,True,censored
adjacency,insert,12,9,10000,True,censored
adjacency,insert,12,10,10000,True,censored
adjacency,insert,12,11,7579,False,ok
adjacency,insert,12,12,3325,False,ok
adjacency,insert,12,13,10000,True,censored
adjacency,insert,12,14,10000,True,censored
adjacency,insert,14,0,10000,True,censored
adjacency,insert,14,1,10000,True,censored
adjacency,insert,14,2,10000,True,censored
adjacency,insert,14,3,10000,True,censored
adjacency,insert,14,4,10000,True,censored
adjacency,insert,14,5,9026,False,ok
adjacency,insert,14,6,10000,True,censored
adjacency,insert,14,7,10000,True,censored
adjacency,insert,14,8,10000,True,censored
adjacency,insert,14,9,10000,True,censored
adjacency,insert,14,10,10000,True,censored
adjacency,insert,14,11,10000,True,censored
adjacency,insert,14,12,10000,True,censored
adjacency,insert,14,13,10000,True,censored
adjacency,insert,14,14,10000,True,censored
adjacency,insert,16,0,10000,True,skipped
adjacency,insert,16,1,10000,True,skipped
adjacency,insert,16,2,10000,True,skipped
adjacency,insert,16,3,10000,True,skipped
adjacency,insert,16,4,10000,True,skipped
adjacency,insert,16,5,10000,True,skipped
adjacency,insert,16,6,10000,True,skipped
adjacency,insert,16,7,10000,True,skipped
adjacency,insert,16,8,10000,True,skipped
adjacency,insert,16,9,10000,True,skipped
adjacency,insert,16,10,10000,True,skipped
adjacency,insert,16,11,10000,True,skipped
adjacency,insert,16,12,10000,True,skipped
adjacency,insert,16,13,10000,True,skipped
adjacency,insert,16,14,10000,True,skipped
adjacency,inversion,6,0,13,False,ok
adjacency,inversion,6,1,41,False,ok
adjacency,inversion,6,2,63,False,ok
adjacency,inversion,6,3,0,False,ok
adjacency,inversion,6,4,42,False,ok
adjacency,inversion,6,5,23,False,ok
adjacency,inversion,6,6,51,False,ok
adjacency,inversion,6,7,65,False,ok
adjacency,inversion,6,8,13,False,ok
adjacency,inversion,6,9,62,False,ok
adjacency,inversion,6,10,5,False,ok
adjacency,inversion,6,11,6,False,ok
adjacency,inversion,6,12,9,False,ok
adjacency,inversion,6,13,4,False,ok
adjacency,inversion,6,14,20,False,ok
adjacency,inversion,8,0,79,False,ok
adjacency,inversion,8,1,132,False,ok
adjacency,inversion,8,2,174,False,ok
adjacency,inversion,8,3,110,False,ok
adjacency,inversion,8,4,147,False,ok
adjacency,inversion,8,5,167,False,ok
adjacency,inversion,8,6,329,False,ok
adjacency,inversion,8,7,222,False,ok
adjacency,inversion,8,8,177,False,ok
adjacency,inversion,8,9,31,False,ok
adjacency,inversion,8,10,54,False,ok
adjacency,inversion,8,11,55,False,ok
adjacency,inversion,8,12,274,False,ok
adjacency,inversion,8,13,17,False,ok
adjacency,inversion,8,14,44,False,ok
adjacency,inversion,10,0,84,False,ok
adjacency,inversion,10,1,99,False,ok
adjacency,inversion,10,2,640,False,ok
adjacency,inversion,10,3,418,False,ok
adjacency,inversion,10,4,74,False,ok
adjacency,inversion,10,5,348,False,ok
adjacency,inversion,10,6,200,False,ok
adjacency,inversion,10,7,1238,False,ok
adjacency,inversion,10,8,228,False,ok
adjacency,inversion,10,9,345,False,ok
adjacency,inversion,10,10,155,False,ok
adjacency,inversion,10,11,249,False,ok
adjacency,inversion,10,12,911,False,ok
adjacency,inversion,10,13,173,False,ok
adjacency,inversion,10,14,693,False,ok
adjacency,inversion,12,0,55,False,ok
adjacency,inversion,12,1,179,False,ok
adjacency,inversion,12,2,761,False,ok
adjacency,inversion,12,3,296,False,ok
adjacency,inversion,12,4,441,False,ok
adjacency,inversion,12,5,345,False,ok
adjacency,inversion,12,6,559,False,ok
adjacency,inversion,12,7,330,False,ok
adjacency,inversion,12,8,176,False,ok
adjacency,inversion,12,9,456,False,ok
adjacency,inversion,12,10,656,False,ok
adjacency,inversion,12,11,267,False,ok
adjacency,inversion,12,12,204,False,ok
adjacency,inversion,12,13,350,False,ok
adjacency,inversion,12,14,107,False,ok
adjacency,inversion,14,0,346,False,ok
adjacency,inversion,14,1,192,False,ok
adjacency,inversion,14,2,313,False,ok
adjacency,inversion,14,3,1608,False,ok
adjacency,inversion,14,4,617,False,ok
adjacency,inversion,14,5,434,False,ok
adjacency,inversion,14,6,1884,False,ok
adjacency,inversion,14,7,495,False,ok
adjacency,inversion,14,8,365,False,ok
adjacency,inversion,14,9,222,False,ok
adjacency,inversion,14,10,405,False,ok
adjacency,inversion,14,11,248,False,ok
adjacency,inversion,14,12,440,False,ok
adjacency,inversion,14,13,165,False,ok
adjacency,inversion,14,14,207,False,ok
adjacency,inversion,16,0,621,False,ok
adjacency,inversion,16,1,341,False,ok
adjacency,inversion,16,2,513,False,ok
adjacency,inversion,16,3,695,False,ok
adjacency,inversion,16,4,2226,False,ok
adjacency,inversion,16,5,520,False,ok
adjacency,inversion,16,6,1805,False,ok
adjacency,inversion,16,7,90,False,ok
adjacency,inversion,16,8,1827,False,ok
adjacency,inversion,16,9,3225,False,ok
adjacency,inversion,16,10,391,False,ok
adjacency,inversion,16,11,1087,False,ok
adjacency,inversion,16,12,438,False,ok
adjacency,inversion,16,13,3424,False,ok
adjacency,inversion,16,14,787,False,ok
adjacency,scramble,6,0,35,False,ok
adjacency,scramble,6,1,60,False,ok
adjacency,scramble,6,2,312,False,ok
adjacency,scramble,6,3,0,False,ok
adjacency,scramble,6,4,19,False,ok
adjacency,scramble,6,5,1904,False,ok
adjacency,scramble,6,6,78,False,ok
adjacency,scramble,6,7,110,False,ok
adjacency,scramble,6,8,68,False,ok
adjacency,scramble,6,9,644,False,ok
adjacency,scramble,6,10,1510,False,ok
adjacency,scramble,6,11,4,False,ok
adjacency,scramble,6,12,6,False,ok
adjacency,scramble,6,13,15,False,ok
adjacency,scramble,6,14,1224,False,ok
adjacency,scramble,8,0,10000,True,censored
adjacency,scramble,8,1,4774,False,ok
adjacency,scramble,8,2,111,False,ok
adjacency,scramble,8,3,10000,True,censored
adjacency,scramble,8,4,10000,True,censored
adjacency,scramble,8,5,50,False,ok
adjacency,scramble,8,6,10000,True,censored
adjacency,scramble,8,7,1782,False,ok
adjacency,scramble,8,8,9709,False,ok
adjacency,scramble,8,9,90,False,ok
adjacency,scramble,8,10,113,False,ok
adjacency,scramble,8,11,749,False,ok
adjacency,scramble,8,12,1532,False,ok
adjacency,scramble,8,13,237,False,ok
adjacency,scramble,8,14,812,False,ok
adjacency,scramble,10,0,10000,True,censored
adjacency,scramble,10,1,10000,True,censored
adjacency,scramble,10,2,10000,True,censored
adjacency,scramble,10,3,10000,True,censored
adjacency,scramble,10,4,10000,True,censored
adjacency,scramble,10,5,10000,True,censored
adjacency,scramble,10,6,10000,True,censored
adjacency,scramble,10,7,10000,True,censored
adjacency,scramble,10,8,10000,True,censored
adjacency,scramble,10,9,452,False,ok
adjacency,scramble,10,10,10000,True,censored
adjacency,scramble,10,11,10000,True,censored
adjacency,scramble,10,12,10000,True,censored
adjacency,scramble,10,13,10000,True,censored
adjacency,scramble,10,14,10000,True,censored
adjacency,scramble,12,0,10000,True,skipped
adjacency,scramble,12,1,10000,True,skipped
adjacency,scramble,12,2,10000,True,skipped
adjacency,scramble,12,3,10000,True,skipped
adjacency,scramble,12,4,10000,True,skipped
adjacency,scramble,12,5,10000,True,skipped
adjacency,scramble,12,6,10000,True,skipped
adjacency,scramble,12,7,10000,True,skipped
adjacency,scramble,12,8,10000,True,skipped
adjacency,scramble,12,9,10000,True,skipped
adjacency,scramble,12,10,10000,True,skipped
adjacency,scramble,12,11,10000,True,skipped
adjacency,scramble,12,12,10000,True,skipped
adjacency,scramble,12,13,10000,True,skipped
adjacency,scramble,12,14,10000,True,skipped
adjacency,scramble,14,0,10000,True,skipped
adjacency,scramble,14,1,10000,True,skipped
adjacency,scramble,14,2,10000,True,skipped
adjacency,scramble,14,3,10000,True,skipped
adjacency,scramble,14,4,10000,True,skipped
adjacency,scramble,14,5,10000,True,skipped
adjacency,scramble,14,6,10000,True,skipped
adjacency,scramble,14,7,10000,True,skipped
adjacency,scramble,14,8,10000,True,skipped
adjacency,scramble,14,9,10000,True,skipped
adjacency,scramble,14,10,10000,True,skipped
adjacency,scramble,14,11,10000,True,skipped
adjacency,scramble,14,12,10000,True,skipped
adjacency,scramble,14,13,10000,True,skipped
adjacency,scramble,14,14,10000,True,skipped
adjacency,scramble,16,0,10000,True,skipped
adjacency,scramble,16,1,10000,True,skipped
adjacency,scramble,16,2,10000,True,skipped
adjacency,scramble,16,3,10000,True,skipped
adjacency,scramble,16,4,10000,True,skipped
adjacency,scramble,16,5,10000,True,skipped
adjacency,scramble,16,6,10000,True,skipped
adjacency,scramble,16,7,10000,True,skipped
adjacency,scramble,16,8,10000,True,skipped
adjacency,scramble,16,9,10000,True,skipped
adjacency,scramble,16,10,10000,True,skipped
adjacency,scramble,16,11,10000,True,skipped
adjacency,scramble,16,12,10000,True,skipped
adjacency,scramble,16,13,10000,True,skipped
adjacency,scramble,16,14,10000,True,skipped
deceptive,swap,6,0,10000,True,censored
deceptive,swap,6,1,10000,True,censored
deceptive,swap,6,2,10000,True,censored
deceptive,swap,6,3,0,False,ok
deceptive,swap,6,4,10000,True,censored
deceptive,swap,6,5,10000,True,censored
deceptive,swap,6,6,10000,True,censored
deceptive,swap,6,7,10000,True,censored
deceptive,swap,6,8,10000,True,censored
deceptive,swap,6,9,10000,True,censored
deceptive,swap,6,10,10000,True,censored
deceptive,swap,6,11,10000,True,censored
deceptive,swap,6,12,10000,True,censored
deceptive,swap,6,13,10000,True,censored
deceptive,swap,6,14,10000,True,censored
deceptive,swap,8,0,10000,True,skipped
deceptive,swap,8,1,10000,True,skipped
deceptive,swap,8,2,10000,True,skipped
deceptive,swap,8,3,10000,True,skipped
deceptive,swap,8,4,10000,True,skipped
deceptive,swap,8,5,10000,True,skipped
deceptive,swap,8,6,10000,True,skipped
deceptive,swap,8,7,10000,True,skipped
deceptive,swap,8,8,10000,True,skipped
deceptive,swap,8,9,10000,True,skipped
deceptive,swap,8,10,10000,True,skipped
deceptive,swap,8,11,10000,True,skipped
deceptive,swap,8,12,10000,True,skipped
deceptive,swap,8,13,10000,True,skipped
deceptive,swap,8,14,10000,True,skipped
deceptive,swap,10,0,10000,True,skipped
deceptive,swap,10,1,10000,True,skipped
deceptive,swap,10,2,10000,True,skipped
deceptive,swap,10,3,10000,True,skipped
deceptive,swap,10,4,10000,True,skipped
deceptive,swap,10,5,10000,True,skipped
deceptive,swap,10,6,10000,True,skipped
deceptive,swap,10,7,10000,True,skipped
deceptive,swap,10,8,10000,True,skipped
deceptive,swap,10,9,10000,True,skipped
deceptive,swap,10,10,10000,True,skipped
deceptive,swap,10,11,10000,True,skipped
deceptive,swap,10,12,10000,True,skipped
deceptive,swap,10,13,10000,True,skipped
deceptive,swap,10,14,10000,True,skipped
deceptive,inversion,6,0,4360,False,ok
deceptive,inversion,6,1,2551,False,ok
deceptive,inversion,6,2,3567,False,ok
deceptive,inversion,6,3,0,False,ok
deceptive,inversion,6,4,10000,True,censored
deceptive,inversion,6,5,596,False,ok
deceptive,inversion,6,6,2240,False,ok
deceptive,inversion,6,7,5927,False,ok
deceptive,inversion,6,8,5270,False,ok
deceptive,inversion,6,9,10000,True,censored
deceptive,inversion,6,10,4153,False,ok
deceptive,inversion,6,11,4044,False,ok
deceptive,inversion,6,12,87,False,ok
deceptive,inversion,6,13,2105,False,ok
deceptive,inversion,6,14,1485,False,ok
deceptive,inversion,8,0,10000,True,censored
deceptive,inversion,8,1,8868,False,ok
deceptive,inversion,8,2,10000,True,censored
deceptive,inversion,8,3,10000,True,censored
deceptive,inversion,8,4,10000,True,censored
deceptive,inversion,8,5,10000,True,censored
deceptive,inversion,8,6,10000,True,censored
deceptive,inversion,8,7,10000,True,censored
deceptive,inversion,8,8,10000,True,censored
deceptive,inversion,8,9,10000,True,censored
deceptive,inversion,8,10,10000,True,censored
deceptive,inversion,8,11,10000,True,censored
deceptive,inversion,8,12,10000,True,censored
deceptive,inversion,8,13,10000,True,censored
deceptive,inversion,8,14,10000,True,censored
deceptive,inversion,10,0,10000,True,skipped
deceptive,inversion,10,1,10000,True,skipped
deceptive,inversion,10,2,10000,True,skipped
deceptive,inversion,10,3,10000,True,skipped
deceptive,inversion,10,4,10000,True,skipped
deceptive,inversion,10,5,10000,True,skipped
deceptive,inversion,10,6,10000,True,skipped
deceptive,inversion,10,7,10000,True,skipped
deceptive,inversion,10,8,10000,True,skipped
deceptive,inversion,10,9,10000,True,skipped
deceptive,inversion,10,10,10000,True,skipped
deceptive,inversion,10,11,10000,True,skipped
deceptive,inversion,10,12,10000,True,skipped
deceptive,inversion,10,13,10000,True,skipped
deceptive,inversion,10,14,10000,True,skipped
