objective,mode,n,seed,hit_generation,censored,evaluations,operator_weights,status
hamming,portfolio,6,0,43,False,880,"{""swap"": 0.25, ""insert"": 0.25, ""inversion"": 0.25, ""scramble"": 0.25}",ok
hamming,portfolio,6,1,43,False,880,"{""swap"": 0.25, ""insert"": 0.25, ""inversion"": 0.25, ""scramble"": 0.25}",ok
hamming,portfolio,6,2,152,False,3060,"{""swap"": 0.25, ""insert"": 0.25, ""inversion"": 0.25, ""scramble"": 0.25}",ok
hamming,portfolio,6,3,0,False,20,"{""swap"": 0.25, ""insert"": 0.25, ""inversion"": 0.25, ""scramble"": 0.25}",ok
hamming,portfolio,6,4,51,False,1040,"{""swap"": 0.25, ""insert"": 0.25, ""inversion"": 0.25, ""scramble"": 0.25}",ok
hamming,portfolio,6,5,11,False,240,"{""swap"": 0.25, ""insert"": 0.25, ""inversion"": 0.25, ""scramble"": 0.25}",ok
hamming,portfolio,6,6,30,False,620,"{""swap"": 0.25, ""insert"": 0.25, ""inversion"": 0.25, ""scramble"": 0.25}",ok
hamming,portfolio,6,7,8,False,180,"{""swap"": 0.25, ""insert"": 0.25, ""inversion"": 0.25, ""scramble"": 0.25}",ok
hamming,portfolio,6,8,115,False,2320,"{""swap"": 0.25, ""insert"": 0.25, ""inversion"": 0.25, ""scramble"": 0.25}",ok
hamming,portfolio,6,9,53,False,1080,"{""swap"": 0.25, ""insert"": 0.25, ""inversion"": 0.25, ""scramble"": 0.25}",ok
hamming,portfolio,6,10,30,False,620,"{""swap"": 0.25, ""insert"": 0.25, ""inversion"": 0.25, ""scramble"": 0.25}",ok
hamming,portfolio,6,11,41,False,840,"{""swap"": 0.25, ""insert"": 0.25, ""inversion"": 0.25, ""scramble"": 0.25}",ok
hamming,portfolio,6,12,67,False,1360,"{""swap"": 0.25, ""insert"": 0.25, ""inversion"": 0.25, ""scramble"": 0.25}",ok
hamming,portfolio,6,13,34,False,700,"{""swap"": 0.25, ""insert"": 0.25, ""inversion"": 0.25, ""scramble"": 0.25}",ok
hamming,portfolio,6,14,85,False,1720,"{""swap"": 0.25, ""insert"": 0.25, ""inversion"": 0.25, ""scramble"": 0.25}",ok
hamming,portfolio,8,0,136,False,2740,"{""swap"": 0.25, ""insert"": 0.25, ""inversion"": 0.25, ""scramble"": 0.25}",ok
hamming,portfolio,8,1,107,False,2160,"{""swap"": 0.25, ""insert"": 0.25, ""inversion"": 0.25, ""scramble"": 0.25}",ok
hamming,portfolio,8,2,227,False,4560,"{""swap"": 0.25, ""insert"": 0.25, ""inversion"": 0.25, ""scramble"": 0.25}",ok
hamming,portfolio,8,3,67,False,1360,"{""swap"": 0.25, ""insert"": 0.25, ""inversion"": 0.25, ""scramble"": 0.25}",ok
hamming,portfolio,8,4,84,False,1700,"{""swap"": 0.25, ""insert"": 0.25, ""inversion"": 0.25, ""scramble"": 0.25}",ok
hamming,portfolio,8,5,50,False,1020,"{""swap"": 0.25, ""insert"": 0.25, ""inversion"": 0.25, ""scramble"": 0.25}",ok
hamming,portfolio,8,6,93,False,1880,"{""swap"": 0.25, ""insert"": 0.25, ""inversion"": 0.25, ""scramble"": 0.25}",ok
hamming,portfolio,8,7,478,False,9580,"{""swap"": 0.25, ""insert"": 0.25, ""inversion"": 0.25, ""scramble"": 0.25}",ok
hamming,portfolio,8,8,129,False,2600,"{""swap"": 0.25, ""insert"": 0.25, ""inversion"": 0.25, ""scramble"": 0.25}",ok
hamming,portfolio,8,9,59,False,1200,"{""swap"": 0.25, ""insert"": 0.25, ""inversion"": 0.25, ""scramble"": 0.25}",ok
hamming,portfolio,8,10,261,False,5240,"{""swap"": 0.25, ""insert"": 0.25, ""inversion"": 0.25, ""scramble"": 0.25}",ok
hamming,portfolio,8,11,86,False,1740,"{""swap"": 0.25, ""insert"": 0.25, ""inversion"": 0.25, ""scramble"": 0.25}",ok
hamming,portfolio,8,12,73,False,1480,"{""swap"": 0.25, ""insert"": 0.25, ""inversion"": 0.25, ""scramble"": 0.25}",ok
hamming,portfolio,8,13,126,False,2540,"{""swap"": 0.25, ""insert"": 0.25, ""inversion"": 0.25, ""scramble"": 0.25}",ok
hamming,portfolio,8,14,189,False,3800,"{""swap"": 0.25, ""insert"": 0.25, ""inversion"": 0.25, ""scramble"": 0.25}",ok
hamming,portfolio,10,0,676,False,13540,"{""swap"": 0.25, ""insert"": 0.25, ""inversion"": 0.25, ""scramble"": 0.25}",ok
hamming,portfolio,10,1,111,False,2240,"{""swap"": 0.25, ""insert"": 0.25, ""inversion"": 0.25, ""scramble"": 0.25}",ok
hamming,portfolio,10,2,535,False,10720,"{""swap"": 0.25, ""insert"": 0.25, ""inversion"": 0.25, ""scramble"": 0.25}",ok
hamming,portfolio,10,3,165,False,3320,"{""swap"": 0.25, ""insert"": 0.25, ""inversion"": 0.25, ""scramble"": 0.25}",ok
hamming,portfolio,10,4,76,False,1540,"{""swap"": 0.25, ""insert"": 0.25, ""inversion"": 0.25, ""scramble"": 0.25}",ok
hamming,portfolio,10,5,455,False,9120,"{""swap"": 0.25, ""insert"": 0.25, ""inversion"": 0.25, ""scramble"": 0.25}",ok
hamming,portfolio,10,6,213,False,4280,"{""swap"": 0.25, ""insert"": 0.25, ""inversion"": 0.25, ""scramble"": 0.25}",ok
hamming,portfolio,10,7,98,False,1980,"{""swap"": 0.25, ""insert"": 0.25, ""inversion"": 0.25, ""scramble"": 0.25}",ok
hamming,portfolio,10,8,384,False,7700,"{""swap"": 0.25, ""insert"": 0.25, ""inversion"": 0.25, ""scramble"": 0.25}",ok
hamming,portfolio,10,9,154,False,3100,"{""swap"": 0.25, ""insert"": 0.25, ""inversion"": 0.25, ""scramble"": 0.25}",ok
hamming,portfolio,10,10,650,False,13020,"{""swap"": 0.25, ""insert"": 0.25, ""inversion"": 0.25, ""scramble"": 0.25}",ok
hamming,portfolio,10,11,544,False,10900,"{""swap"": 0.25, ""insert"": 0.25, ""inversion"": 0.25, ""scramble"": 0.25}",ok
hamming,portfolio,10,12,78,False,1580,"{""swap"": 0.25, ""insert"": 0.25, ""inversion"": 0.25, ""scramble"": 0.25}",ok
hamming,portfolio,10,13,287,False,5760,"{""swap"": 0.25, ""insert"": 0.25, ""inversion"": 0.25, ""scramble"": 0.25}",ok
hamming,portfolio,10,14,138,False,2780,"{""swap"": 0.25, ""insert"": 0.25, ""inversion"": 0.25, ""scramble"": 0.25}",ok
hamming,portfolio,12,0,591,False,11840,"{""swap"": 0.25, ""insert"": 0.25, ""inversion"": 0.25, ""scramble"": 0.25}",ok
hamming,portfolio,12,1,265,False,5320,"{""swap"": 0.25, ""insert"": 0.25, ""inversion"": 0.25, ""scramble"": 0.25}",ok
hamming,portfolio,12,2,113,False,2280,"{""swap"": 0.25, ""insert"": 0.25, ""inversion"": 0.25, ""scramble"": 0.25}",ok
hamming,portfolio,12,3,263,False,5280,"{""swap"": 0.25, ""insert"": 0.25, ""inversion"": 0.25, ""scramble"": 0.25}",ok
hamming,portfolio,12,4,224,False,4500,"{""swap"": 0.25, ""insert"": 0.25, ""inversion"": 0.25, ""scramble"": 0.25}",ok
hamming,portfolio,12,5,1426,False,28540,"{""swap"": 0.25, ""insert"": 0.25, ""inversion"": 0.25, ""scramble"": 0.25}",ok
hamming,portfolio,12,6,190,False,3820,"{""swap"": 0.25, ""insert"": 0.25, ""inversion"": 0.25, ""scramble"": 0.25}",ok
hamming,portfolio,12,7,157,False,3160,"{""swap"": 0.25, ""insert"": 0.25, ""inversion"": 0.25, ""scramble"": 0.25}",ok
hamming,portfolio,12,8,338,False,6780,"{""swap"": 0.25, ""insert"": 0.25, ""inversion"": 0.25, ""scramble"": 0.25}",ok
hamming,portfolio,12,9,251,False,5040,"{""swap"": 0.25, ""insert"": 0.25, ""inversion"": 0.25, ""scramble"": 0.25}",ok
hamming,portfolio,12,10,527,False,10560,"{""swap"": 0.25, ""insert"": 0.25, ""inversion"": 0.25, ""scramble"": 0.25}",ok
hamming,portfolio,12,11,566,False,11340,"{""swap"": 0.25, ""insert"": 0.25, ""inversion"": 0.25, ""scramble"": 0.25}",ok
hamming,portfolio,12,12,299,False,6000,"{""swap"": 0.25, ""insert"": 0.25, ""inversion"": 0.25, ""scramble"": 0.25}",ok
hamming,portfolio,12,13,295,False,5920,"{""swap"": 0.25, ""insert"": 0.25, ""inversion"": 0.25, ""scramble"": 0.25}",ok
hamming,portfolio,12,14,491,False,9840,"{""swap"": 0.25, ""insert"": 0.25, ""inversion"": 0.25, ""scramble"": 0.25}",ok
hamming,portfolio,14,0,895,False,17920,"{""swap"": 0.25, ""insert"": 0.25, ""inversion"": 0.25, ""scramble"": 0.25}",ok
hamming,portfolio,14,1,587,False,11760,"{""swap"": 0.25, ""insert"": 0.25, ""inversion"": 0.25, ""scramble"": 0.25}",ok
hamming,portfolio,14,2,1138,False,22780,"{""swap"": 0.25, ""insert"": 0.25, ""inversion"": 0.25, ""scramble"": 0.25}",ok
hamming,portfolio,14,3,762,False,15260,"{""swap"": 0.25, ""insert"": 0.25, ""inversion"": 0.25, ""scramble"": 0.25}",ok
hamming,portfolio,14,4,656,False,13140,"{""swap"": 0.25, ""insert"": 0.25, ""inversion"": 0.25, ""scramble"": 0.25}",ok
hamming,portfolio,14,5,536,False,10740,"{""swap"": 0.25, ""insert"": 0.25, ""inversion"": 0.25, ""scramble"": 0.25}",ok
hamming,portfolio,14,6,919,False,18400,"{""swap"": 0.25, ""insert"": 0.25, ""inversion"": 0.25, ""scramble"": 0.25}",ok
hamming,portfolio,14,7,1224,False,24500,"{""swap"": 0.25, ""insert"": 0.25, ""inversion"": 0.25, ""scramble"": 0.25}",ok
hamming,portfolio,14,8,561,False,11240,"{""swap"": 0.25, ""insert"": 0.25, ""inversion"": 0.25, ""scramble"": 0.25}",ok
hamming,portfolio,14,9,310,False,6220,"{""swap"": 0.25, ""insert"": 0.25, ""inversion"": 0.25, ""scramble"": 0.25}",ok
hamming,portfolio,14,10,560,False,11220,"{""swap"": 0.25, ""insert"": 0.25, ""inversion"": 0.25, ""scramble"": 0.25}",ok
hamming,portfolio,14,11,694,False,13900,"{""swap"": 0.25, ""insert"": 0.25, ""inversion"": 0.25, ""scramble"": 0.25}",ok
hamming,portfolio,14,12,878,False,17580,"{""swap"": 0.25, ""insert"": 0.25, ""inversion"": 0.25, ""scramble"": 0.25}",ok
hamming,portfolio,14,13,551,False,11040,"{""swap"": 0.25, ""insert"": 0.25, ""inversion"": 0.25, ""scramble"": 0.25}",ok
hamming,portfolio,14,14,738,False,14780,"{""swap"": 0.25, ""insert"": 0.25, ""inversion"": 0.25, ""scramble"": 0.25}",ok
hamming,portfolio,16,0,2329,False,46600,"{""swap"": 0.25, ""insert"": 0.25, ""inversion"": 0.25, ""scramble"": 0.25}",ok
hamming,portfolio,16,1,428,False,8580,"{""swap"": 0.25, ""insert"": 0.25, ""inversion"": 0.25, ""scramble"": 0.25}",ok
hamming,portfolio,16,2,1217,False,24360,"{""swap"": 0.25, ""insert"": 0.25, ""inversion"": 0.25, ""scramble"": 0.25}",ok
hamming,portfolio,16,3,697,False,13960,"{""swap"": 0.25, ""insert"": 0.25, ""inversion"": 0.25, ""scramble"": 0.25}",ok
hamming,portfolio,16,4,868,False,17380,"{""swap"": 0.25, ""insert"": 0.25, ""inversion"": 0.25, ""scramble"": 0.25}",ok
hamming,portfolio,16,5,1132,False,22660,"{""swap"": 0.25, ""insert"": 0.25, ""inversion"": 0.25, ""scramble"": 0.25}",ok
hamming,portfolio,16,6,2506,False,50140,"{""swap"": 0.25, ""insert"": 0.25, ""inversion"": 0.25, ""scramble"": 0.25}",ok
hamming,portfolio,16,7,640,False,12820,"{""swap"": 0.25, ""insert"": 0.25, ""inversion"": 0.25, ""scramble"": 0.25}",ok
hamming,portfolio,16,8,689,False,13800,"{""swap"": 0.25, ""insert"": 0.25, ""inversion"": 0.25, ""scramble"": 0.25}",ok
hamming,portfolio,16,9,1157,False,23160,"{""swap"": 0.25, ""insert"": 0.25, ""inversion"": 0.25, ""scramble"": 0.25}",ok
hamming,portfolio,16,10,966,False,19340,"{""swap"": 0.25, ""insert"": 0.25, ""inversion"": 0.25, ""scramble"": 0.25}",ok
hamming,portfolio,16,11,676,False,13540,"{""swap"": 0.25, ""insert"": 0.25, ""inversion"": 0.25, ""scramble"": 0.25}",ok
hamming,portfolio,16,12,1602,False,32060,"{""swap"": 0.25, ""insert"": 0.25, ""inversion"": 0.25, ""scramble"": 0.25}",ok
hamming,portfolio,16,13,398,False,7980,"{""swap"": 0.25, ""insert"": 0.25, ""inversion"": 0.25, ""scramble"": 0.25}",ok
hamming,portfolio,16,14,1800,False,36020,"{""swap"": 0.25, ""insert"": 0.25, ""inversion"": 0.25, ""scramble"": 0.25}",ok
hamming,adaptive,6,0,43,False,927,"{""swap"": 0.3114, ""insert"": 0.1272, ""inversion"": 0.2659, ""scramble"": 0.2955}",ok
hamming,adaptive,6,1,62,False,1311,"{""swap"": 0.2291, ""insert"": 0.3381, ""inversion"": 0.2346, ""scramble"": 0.1982}",ok
hamming,adaptive,6,2,152,False,3193,"{""swap"": 0.3337, ""insert"": 0.2276, ""inversion"": 0.2048, ""scramble"": 0.2339}",ok
hamming,adaptive,6,3,0,False,20,"{""swap"": 0.25, ""insert"": 0.25, ""inversion"": 0.25, ""scramble"": 0.25}",ok
hamming,adaptive,6,4,35,False,757,"{""swap"": 0.2209, ""insert"": 0.2349, ""inversion"": 0.261, ""scramble"": 0.2831}",ok
hamming,adaptive,6,5,11,False,254,"{""swap"": 0.2523, ""insert"": 0.2472, ""inversion"": 0.2146, ""scramble"": 0.286}",ok
hamming,adaptive,6,6,41,False,875,"{""swap"": 0.1557, ""insert"": 0.3325, ""inversion"": 0.2637, ""scramble"": 0.2482}",ok
hamming,adaptive,6,7,8,False,189,"{""swap"": 0.3065, ""insert"": 0.2956, ""inversion"": 0.2094, ""scramble"": 0.1885}",ok
hamming,adaptive,6,8,115,False,2408,"{""swap"": 0.323, ""insert"": 0.2837, ""inversion"": 0.1988, ""scramble"": 0.1945}",ok
hamming,adaptive,6,9,53,False,1111,"{""swap"": 0.2431, ""insert"": 0.1969, ""inversion"": 0.2898, ""scramble"": 0.2701}",ok
hamming,adaptive,6,10,65,False,1383,"{""swap"": 0.3301, ""insert"": 0.1862, ""inversion"": 0.2767, ""scramble"": 0.2069}",ok
hamming,adaptive,6,11,36,False,781,"{""swap"": 0.3089, ""insert"": 0.2387, ""inversion"": 0.174, ""scramble"": 0.2784}",ok
hamming,adaptive,6,12,67,False,1428,"{""swap"": 0.275, ""insert"": 0.25, ""inversion"": 0.25, ""scramble"": 0.225}",ok
hamming,adaptive,6,13,93,False,1962,"{""swap"": 0.2619, ""insert"": 0.2413, ""inversion"": 0.2287, ""scramble"": 0.2681}",ok
hamming,adaptive,6,14,86,False,1816,"{""swap"": 0.3227, ""insert"": 0.255, ""inversion"": 0.2158, ""scramble"": 0.2065}",ok
hamming,adaptive,8,0,54,False,1148,"{""swap"": 0.1948, ""insert"": 0.1459, ""inversion"": 0.3682, ""scramble"": 0.2911}",ok
hamming,adaptive,8,1,107,False,2240,"{""swap"": 0.3069, ""insert"": 0.3106, ""inversion"": 0.1812, ""scramble"": 0.2013}",ok
hamming,adaptive,8,2,227,False,4769,"{""swap"": 0.2755, ""insert"": 0.2423, ""inversion"": 0.1431, ""scramble"": 0.3391}",ok
hamming,adaptive,8,3,92,False,1968,"{""swap"": 0.32, ""insert"": 0.1542, ""inversion"": 0.2685, ""scramble"": 0.2574}",ok
hamming,adaptive,8,4,283,False,5960,"{""swap"": 0.4339, ""insert"": 0.1896, ""inversion"": 0.2107, ""scramble"": 0.1659}",ok
hamming,adaptive,8,5,50,False,1076,"{""swap"": 0.268, ""insert"": 0.1827, ""inversion"": 0.203, ""scramble"": 0.3462}",ok
hamming,adaptive,8,6,228,False,4777,"{""swap"": 0.1351, ""insert"": 0.2716, ""inversion"": 0.1711, ""scramble"": 0.4222}",ok
hamming,adaptive,8,7,446,False,9367,"{""swap"": 0.415, ""insert"": 0.2191, ""inversion"": 0.22, ""scramble"": 0.1459}",ok
hamming,adaptive,8,8,129,False,2705,"{""swap"": 0.2194, ""insert"": 0.2552, ""inversion"": 0.3394, ""scramble"": 0.186}",ok
hamming,adaptive,8,9,59,False,1248,"{""swap"": 0.2378, ""insert"": 0.2616, ""inversion"": 0.2487, ""scramble"": 0.252}",ok
hamming,adaptive,8,10,261,False,5466,"{""swap"": 0.3305, ""insert"": 0.2766, ""inversion"": 0.2008, ""scramble"": 0.1921}",ok
hamming,adaptive,8,11,171,False,3606,"{""swap"": 0.2647, ""insert"": 0.2177, ""inversion"": 0.2588, ""scramble"": 0.2588}",ok
hamming,adaptive,8,12,105,False,2232,"{""swap"": 0.3417, ""insert"": 0.1986, ""inversion"": 0.2236, ""scramble"": 0.2362}",ok
hamming,adaptive,8,13,45,False,959,"{""swap"": 0.2094, ""insert"": 0.3001, ""inversion"": 0.1675, ""scramble"": 0.323}",ok
hamming,adaptive,8,14,189,False,4004,"{""swap"": 0.325, ""insert"": 0.2317, ""inversion"": 0.2116, ""scramble"": 0.2317}",ok
hamming,adaptive,10,0,195,False,4084,"{""swap"": 0.3066, ""insert"": 0.1891, ""inversion"": 0.185, ""scramble"": 0.3194}",ok
hamming,adaptive,10,1,429,False,9048,"{""swap"": 0.2175, ""insert"": 0.1903, ""inversion"": 0.2925, ""scramble"": 0.2997}",ok
hamming,adaptive,10,2,534,False,11188,"{""swap"": 0.2657, ""insert"": 0.2617, ""inversion"": 0.2607, ""scramble"": 0.2119}",ok
hamming,adaptive,10,3,165,False,3483,"{""swap"": 0.3352, ""insert"": 0.2073, ""inversion"": 0.2203, ""scramble"": 0.2373}",ok
hamming,adaptive,10,4,338,False,7103,"{""swap"": 0.3441, ""insert"": 0.157, ""inversion"": 0.2596, ""scramble"": 0.2393}",ok
hamming,adaptive,10,5,144,False,3042,"{""swap"": 0.3211, ""insert"": 0.1948, ""inversion"": 0.1753, ""scramble"": 0.3088}",ok
hamming,adaptive,10,6,158,False,3337,"{""swap"": 0.1401, ""insert"": 0.2174, ""inversion"": 0.3471, ""scramble"": 0.2954}",ok
hamming,adaptive,10,7,258,False,5433,"{""swap"": 0.3117, ""insert"": 0.2711, ""inversion"": 0.1976, ""scramble"": 0.2196}",ok
hamming,adaptive,10,8,143,False,3004,"{""swap"": 0.2846, ""insert"": 0.2898, ""inversion"": 0.2319, ""scramble"": 0.1937}",ok
hamming,adaptive,10,9,154,False,3249,"{""swap"": 0.386, ""insert"": 0.2159, ""inversion"": 0.2399, ""scramble"": 0.1582}",ok
hamming,adaptive,10,10,250,False,5260,"{""swap"": 0.2933, ""insert"": 0.2866, ""inversion"": 0.2321, ""scramble"": 0.188}",ok
hamming,adaptive,10,11,543,False,11385,"{""swap"": 0.3023, ""insert"": 0.1866, ""inversion"": 0.2304, ""scramble"": 0.2807}",ok
hamming,adaptive,10,12,150,False,3151,"{""swap"": 0.2595, ""insert"": 0.207, ""inversion"": 0.3207, ""scramble"": 0.2129}",ok
hamming,adaptive,10,13,288,False,6038,"{""swap"": 0.2824, ""insert"": 0.2354, ""inversion"": 0.2703, ""scramble"": 0.2119}",ok
hamming,adaptive,10,14,368,False,7722,"{""swap"": 0.3429, ""insert"": 0.2539, ""inversion"": 0.203, ""scramble"": 0.2001}",ok
hamming,adaptive,12,0,402,False,8426,"{""swap"": 0.3002, ""insert"": 0.2624, ""inversion"": 0.2005, ""scramble"": 0.2369}",ok
hamming,adaptive,12,1,189,False,3982,"{""swap"": 0.2999, ""insert"": 0.1424, ""inversion"": 0.3265, ""scramble"": 0.2312}",ok
hamming,adaptive,12,2,114,False,2394,"{""swap"": 0.3196, ""insert"": 0.2476, ""inversion"": 0.2704, ""scramble"": 0.1624}",ok
hamming,adaptive,12,3,436,False,9151,"{""swap"": 0.3001, ""insert"": 0.261, ""inversion"": 0.2391, ""scramble"": 0.1999}",ok
hamming,adaptive,12,4,263,False,5540,"{""swap"": 0.3034, ""insert"": 0.2496, ""inversion"": 0.2399, ""scramble"": 0.207}",ok
hamming,adaptive,12,5,407,False,8561,"{""swap"": 0.2488, ""insert"": 0.192, ""inversion"": 0.2022, ""scramble"": 0.357}",ok
hamming,adaptive,12,6,186,False,3920,"{""swap"": 0.2253, ""insert"": 0.2623, ""inversion"": 0.3512, ""scramble"": 0.1611}",ok
hamming,adaptive,12,7,179,False,3785,"{""swap"": 0.3959, ""insert"": 0.2718, ""inversion"": 0.1557, ""scramble"": 0.1766}",ok
hamming,adaptive,12,8,338,False,7075,"{""swap"": 0.2901, ""insert"": 0.3102, ""inversion"": 0.1638, ""scramble"": 0.2358}",ok
hamming,adaptive,12,9,666,False,13994,"{""swap"": 0.302, ""insert"": 0.1341, ""inversion"": 0.2523, ""scramble"": 0.3115}",ok
hamming,adaptive,12,10,155,False,3266,"{""swap"": 0.3581, ""insert"": 0.1952, ""inversion"": 0.214, ""scramble"": 0.2326}",ok
hamming,adaptive,12,11,833,False,17471,"{""swap"": 0.2706, ""insert"": 0.2168, ""inversion"": 0.2959, ""scramble"": 0.2168}",ok
hamming,adaptive,12,12,429,False,9017,"{""swap"": 0.3303, ""insert"": 0.2014, ""inversion"": 0.2862, ""scramble"": 0.1821}",ok
hamming,adaptive,12,13,341,False,7151,"{""swap"": 0.2576, ""insert"": 0.2103, ""inversion"": 0.1622, ""scramble"": 0.3699}",ok
hamming,adaptive,12,14,640,False,13413,"{""swap"": 0.2453, ""insert"": 0.2432, ""inversion"": 0.2098, ""scramble"": 0.3017}",ok
hamming,adaptive,14,0,868,False,18199,"{""swap"": 0.3437, ""insert"": 0.1805, ""inversion"": 0.2751, ""scramble"": 0.2007}",ok
hamming,adaptive,14,1,293,False,6173,"{""swap"": 0.2813, ""insert"": 0.2135, ""inversion"": 0.199, ""scramble"": 0.3062}",ok
hamming,adaptive,14,2,288,False,6030,"{""swap"": 0.2334, ""insert"": 0.2741, ""inversion"": 0.1773, ""scramble"": 0.3152}",ok
hamming,adaptive,14,3,448,False,9425,"{""swap"": 0.1787, ""insert"": 0.2324, ""inversion"": 0.2868, ""scramble"": 0.3021}",ok
hamming,adaptive,14,4,581,False,12205,"{""swap"": 0.1937, ""insert"": 0.2164, ""inversion"": 0.3608, ""scramble"": 0.2291}",ok
hamming,adaptive,14,5,450,False,9459,"{""swap"": 0.2947, ""insert"": 0.285, ""inversion"": 0.2125, ""scramble"": 0.2078}",ok
hamming,adaptive,14,6,919,False,19306,"{""swap"": 0.3314, ""insert"": 0.2065, ""inversion"": 0.2707, ""scramble"": 0.1914}",ok
hamming,adaptive,14,7,693,False,14529,"{""swap"": 0.3663, ""insert"": 0.1738, ""inversion"": 0.2267, ""scramble"": 0.2333}",ok
hamming,adaptive,14,8,720,False,15093,"{""swap"": 0.2988, ""insert"": 0.2497, ""inversion"": 0.2493, ""scramble"": 0.2023}",ok
hamming,adaptive,14,9,330,False,6940,"{""swap"": 0.2231, ""insert"": 0.2686, ""inversion"": 0.3449, ""scramble"": 0.1633}",ok
hamming,adaptive,14,10,391,False,8208,"{""swap"": 0.2676, ""insert"": 0.2214, ""inversion"": 0.1988, ""scramble"": 0.3121}",ok
hamming,adaptive,14,11,1170,False,24557,"{""swap"": 0.2528, ""insert"": 0.2808, ""inversion"": 0.2153, ""scramble"": 0.2512}",ok
hamming,adaptive,14,12,1300,False,27303,"{""swap"": 0.2459, ""insert"": 0.2832, ""inversion"": 0.2583, ""scramble"": 0.2126}",ok
hamming,adaptive,14,13,614,False,12846,"{""swap"": 0.2415, ""insert"": 0.3095, ""inversion"": 0.2091, ""scramble"": 0.2399}",ok
hamming,adaptive,14,14,1380,False,28939,"{""swap"": 0.3796, ""insert"": 0.1699, ""inversion"": 0.2517, ""scramble"": 0.1988}",ok
hamming,adaptive,16,0,1911,False,40097,"{""swap"": 0.3751, ""insert"": 0.2079, ""inversion"": 0.209, ""scramble"": 0.2079}",ok
hamming,adaptive,16,1,273,False,5757,"{""swap"": 0.2713, ""insert"": 0.2124, ""inversion"": 0.2262, ""scramble"": 0.2901}",ok
hamming,adaptive,16,2,737,False,15445,"{""swap"": 0.2757, ""insert"": 0.3418, ""inversion"": 0.1993, ""scramble"": 0.1832}",ok
hamming,adaptive,16,3,697,False,14644,"{""swap"": 0.2923, ""insert"": 0.2082, ""inversion"": 0.2551, ""scramble"": 0.2444}",ok
hamming,adaptive,16,4,1504,False,31527,"{""swap"": 0.3341, ""insert"": 0.2508, ""inversion"": 0.1975, ""scramble"": 0.2177}",ok
hamming,adaptive,16,5,2043,False,42775,"{""swap"": 0.3508, ""insert"": 0.2956, ""inversion"": 0.1862, ""scramble"": 0.1674}",ok
hamming,adaptive,16,6,457,False,9607,"{""swap"": 0.3468, ""insert"": 0.2011, ""inversion"": 0.1686, ""scramble"": 0.2834}",ok
hamming,adaptive,16,7,827,False,17352,"{""swap"": 0.3051, ""insert"": 0.2649, ""inversion"": 0.2309, ""scramble"": 0.199}",ok
hamming,adaptive,16,8,767,False,16071,"{""swap"": 0.2786, ""insert"": 0.2107, ""inversion"": 0.2153, ""scramble"": 0.2954}",ok
hamming,adaptive,16,9,718,False,15061,"{""swap"": 0.3528, ""insert"": 0.1687, ""inversion"": 0.2658, ""scramble"": 0.2127}",ok
hamming,adaptive,16,10,441,False,9257,"{""swap"": 0.276, ""insert"": 0.2663, ""inversion"": 0.2022, ""scramble"": 0.2555}",ok
hamming,adaptive,16,11,632,False,13237,"{""swap"": 0.3367, ""insert"": 0.2515, ""inversion"": 0.2272, ""scramble"": 0.1846}",ok
hamming,adaptive,16,12,936,False,19623,"{""swap"": 0.2969, ""insert"": 0.1714, ""inversion"": 0.2696, ""scramble"": 0.2621}",ok
hamming,adaptive,16,13,763,False,15995,"{""swap"": 0.2724, ""insert"": 0.2374, ""inversion"": 0.2035, ""scramble"": 0.2867}",ok
hamming,adaptive,16,14,533,False,11176,"{""swap"": 0.3402, ""insert"": 0.1722, ""inversion"": 0.2109, ""scramble"": 0.2767}",ok
kendall,portfolio,6,0,18,False,380,"{""swap"": 0.25, ""insert"": 0.25, ""inversion"": 0.25, ""scramble"": 0.25}",ok
kendall,portfolio,6,1,43,False,880,"{""swap"": 0.25, ""insert"": 0.25, ""inversion"": 0.25, ""scramble"": 0.25}",ok
kendall,portfolio,6,2,77,False,1560,"{""swap"": 0.25, ""insert"": 0.25, ""inversion"": 0.25, ""scramble"": 0.25}",ok
kendall,portfolio,6,3,0,False,20,"{""swap"": 0.25, ""insert"": 0.25, ""inversion"": 0.25, ""scramble"": 0.25}",ok
kendall,portfolio,6,4,51,False,1040,"{""swap"": 0.25, ""insert"": 0.25, ""inversion"": 0.25, ""scramble"": 0.25}",ok
kendall,portfolio,6,5,10,False,220,"{""swap"": 0.25, ""insert"": 0.25, ""inversion"": 0.25, ""scramble"": 0.25}",ok
kendall,portfolio,6,6,30,False,620,"{""swap"": 0.25, ""insert"": 0.25, ""inversion"": 0.25, ""scramble"": 0.25}",ok
kendall,portfolio,6,7,44,False,900,"{""swap"": 0.25, ""insert"": 0.25, ""inversion"": 0.25, ""scramble"": 0.25}",ok
kendall,portfolio,6,8,134,False,2700,"{""swap"": 0.25, ""insert"": 0.25, ""inversion"": 0.25, ""scramble"": 0.25}",ok
kendall,portfolio,6,9,45,False,920,"{""swap"": 0.25, ""insert"": 0.25, ""inversion"": 0.25, ""scramble"": 0.25}",ok
kendall,portfolio,6,10,15,False,320,"{""swap"": 0.25, ""insert"": 0.25, ""inversion"": 0.25, ""scramble"": 0.25}",ok
kendall,portfolio,6,11,41,False,840,"{""swap"": 0.25, ""insert"": 0.25, ""inversion"": 0.25, ""scramble"": 0.25}",ok
kendall,portfolio,6,12,51,False,1040,"{""swap"": 0.25, ""insert"": 0.25, ""inversion"": 0.25, ""scramble"": 0.25}",ok
kendall,portfolio,6,13,34,False,700,"{""swap"": 0.25, ""insert"": 0.25, ""inversion"": 0.25, ""scramble"": 0.25}",ok
kendall,portfolio,6,14,5,False,120,"{""swap"": 0.25, ""insert"": 0.25, ""inversion"": 0.25, ""scramble"": 0.25}",ok
kendall,portfolio,8,0,121,False,2440,"{""swap"": 0.25, ""insert"": 0.25, ""inversion"": 0.25, ""scramble"": 0.25}",ok
kendall,portfolio,8,1,76,False,1540,"{""swap"": 0.25, ""insert"": 0.25, ""inversion"": 0.25, ""scramble"": 0.25}",ok
kendall,portfolio,8,2,80,False,1620,"{""swap"": 0.25, ""insert"": 0.25, ""inversion"": 0.25, ""scramble"": 0.25}",ok
kendall,portfolio,8,3,62,False,1260,"{""swap"": 0.25, ""insert"": 0.25, ""inversion"": 0.25, ""scramble"": 0.25}",ok
kendall,portfolio,8,4,87,False,1760,"{""swap"": 0.25, ""insert"": 0.25, ""inversion"": 0.25, ""scramble"": 0.25}",ok
kendall,portfolio,8,5,50,False,1020,"{""swap"": 0.25, ""insert"": 0.25, ""inversion"": 0.25, ""scramble"": 0.25}",ok
kendall,portfolio,8,6,145,False,2920,"{""swap"": 0.25, ""insert"": 0.25, ""inversion"": 0.25, ""scramble"": 0.25}",ok
kendall,portfolio,8,7,84,False,1700,"{""swap"": 0.25, ""insert"": 0.25, ""inversion"": 0.25, ""scramble"": 0.25}",ok
kendall,portfolio,8,8,115,False,2320,"{""swap"": 0.25, ""insert"": 0.25, ""inversion"": 0.25, ""scramble"": 0.25}",ok
kendall,portfolio,8,9,27,False,560,"{""swap"": 0.25, ""insert"": 0.25, ""inversion"": 0.25, ""scramble"": 0.25}",ok
kendall,portfolio,8,10,72,False,1460,"{""swap"": 0.25, ""insert"": 0.25, ""inversion"": 0.25, ""scramble"": 0.25}",ok
kendall,portfolio,8,11,90,False,1820,"{""swap"": 0.25, ""insert"": 0.25, ""inversion"": 0.25, ""scramble"": 0.25}",ok
kendall,portfolio,8,12,71,False,1440,"{""swap"": 0.25, ""insert"": 0.25, ""inversion"": 0.25, ""scramble"": 0.25}",ok
kendall,portfolio,8,13,61,False,1240,"{""swap"": 0.25, ""insert"": 0.25, ""inversion"": 0.25, ""scramble"": 0.25}",ok
kendall,portfolio,8,14,60,False,1220,"{""swap"": 0.25, ""insert"": 0.25, ""inversion"": 0.25, ""scramble"": 0.25}",ok
kendall,portfolio,10,0,228,False,4580,"{""swap"": 0.25, ""insert"": 0.25, ""inversion"": 0.25, ""scramble"": 0.25}",ok
kendall,portfolio,10,1,137,False,2760,"{""swap"": 0.25, ""insert"": 0.25, ""inversion"": 0.25, ""scramble"": 0.25}",ok
kendall,portfolio,10,2,135,False,2720,"{""swap"": 0.25, ""insert"": 0.25, ""inversion"": 0.25, ""scramble"": 0.25}",ok
kendall,portfolio,10,3,29,False,600,"{""swap"": 0.25, ""insert"": 0.25, ""inversion"": 0.25, ""scramble"": 0.25}",ok
kendall,portfolio,10,4,122,False,2460,"{""swap"": 0.25, ""insert"": 0.25, ""inversion"": 0.25, ""scramble"": 0.25}",ok
kendall,portfolio,10,5,90,False,1820,"{""swap"": 0.25, ""insert"": 0.25, ""inversion"": 0.25, ""scramble"": 0.25}",ok
kendall,portfolio,10,6,64,False,1300,"{""swap"": 0.25, ""insert"": 0.25, ""inversion"": 0.25, ""scramble"": 0.25}",ok
kendall,portfolio,10,7,221,False,4440,"{""swap"": 0.25, ""insert"": 0.25, ""inversion"": 0.25, ""scramble"": 0.25}",ok
kendall,portfolio,10,8,88,False,1780,"{""swap"": 0.25, ""insert"": 0.25, ""inversion"": 0.25, ""scramble"": 0.25}",ok
kendall,portfolio,10,9,141,False,2840,"{""swap"": 0.25, ""insert"": 0.25, ""inversion"": 0.25, ""scramble"": 0.25}",ok
kendall,portfolio,10,10,103,False,2080,"{""swap"": 0.25, ""insert"": 0.25, ""inversion"": 0.25, ""scramble"": 0.25}",ok
kendall,portfolio,10,11,97,False,1960,"{""swap"": 0.25, ""insert"": 0.25, ""inversion"": 0.25, ""scramble"": 0.25}",ok
kendall,portfolio,10,12,155,False,3120,"{""swap"": 0.25, ""insert"": 0.25, ""inversion"": 0.25, ""scramble"": 0.25}",ok
kendall,portfolio,10,13,85,False,1720,"{""swap"": 0.25, ""insert"": 0.25, ""inversion"": 0.25, ""scramble"": 0.25}",ok
kendall,portfolio,10,14,217,False,4360,"{""swap"": 0.25, ""insert"": 0.25, ""inversion"": 0.25, ""scramble"": 0.25}",ok
kendall,portfolio,12,0,177,False,3560,"{""swap"": 0.25, ""insert"": 0.25, ""inversion"": 0.25, ""scramble"": 0.25}",ok
kendall,portfolio,12,1,173,False,3480,"{""swap"": 0.25, ""insert"": 0.25, ""inversion"": 0.25, ""scramble"": 0.25}",ok
kendall,portfolio,12,2,368,False,7380,"{""swap"": 0.25, ""insert"": 0.25, ""inversion"": 0.25, ""scramble"": 0.25}",ok
kendall,portfolio,12,3,163,False,3280,"{""swap"": 0.25, ""insert"": 0.25, ""inversion"": 0.25, ""scramble"": 0.25}",ok
kendall,portfolio,12,4,91,False,1840,"{""swap"": 0.25, ""insert"": 0.25, ""inversion"": 0.25, ""scramble"": 0.25}",ok
kendall,portfolio,12,5,153,False,3080,"{""swap"": 0.25, ""insert"": 0.25, ""inversion"": 0.25, ""scramble"": 0.25}",ok
kendall,portfolio,12,6,292,False,5860,"{""swap"": 0.25, ""insert"": 0.25, ""inversion"": 0.25, ""scramble"": 0.25}",ok
kendall,portfolio,12,7,136,False,2740,"{""swap"": 0.25, ""insert"": 0.25, ""inversion"": 0.25, ""scramble"": 0.25}",ok
kendall,portfolio,12,8,353,False,7080,"{""swap"": 0.25, ""insert"": 0.25, ""inversion"": 0.25, ""scramble"": 0.25}",ok
kendall,portfolio,12,9,246,False,4940,"{""swap"": 0.25, ""insert"": 0.25, ""inversion"": 0.25, ""scramble"": 0.25}",ok
kendall,portfolio,12,10,103,False,2080,"{""swap"": 0.25, ""insert"": 0.25, ""inversion"": 0.25, ""scramble"": 0.25}",ok
kendall,portfolio,12,11,115,False,2320,"{""swap"": 0.25, ""insert"": 0.25, ""inversion"": 0.25, ""scramble"": 0.25}",ok
kendall,portfolio,12,12,266,False,5340,"{""swap"": 0.25, ""insert"": 0.25, ""inversion"": 0.25, ""scramble"": 0.25}",ok
kendall,portfolio,12,13,109,False,2200,"{""swap"": 0.25, ""insert"": 0.25, ""inversion"": 0.25, ""scramble"": 0.25}",ok
kendall,portfolio,12,14,290,False,5820,"{""swap"": 0.25, ""insert"": 0.25, ""inversion"": 0.25, ""scramble"": 0.25}",ok
kendall,portfolio,14,0,281,False,5640,"{""swap"": 0.25, ""insert"": 0.25, ""inversion"": 0.25, ""scramble"": 0.25}",ok
kendall,portfolio,14,1,774,False,15500,"{""swap"": 0.25, ""insert"": 0.25, ""inversion"": 0.25, ""scramble"": 0.25}",ok
kendall,portfolio,14,2,261,False,5240,"{""swap"": 0.25, ""insert"": 0.25, ""inversion"": 0.25, ""scramble"": 0.25}",ok
kendall,portfolio,14,3,260,False,5220,"{""swap"": 0.25, ""insert"": 0.25, ""inversion"": 0.25, ""scramble"": 0.25}",ok
kendall,portfolio,14,4,617,False,12360,"{""swap"": 0.25, ""insert"": 0.25, ""inversion"": 0.25, ""scramble"": 0.25}",ok
kendall,portfolio,14,5,381,False,7640,"{""swap"": 0.25, ""insert"": 0.25, ""inversion"": 0.25, ""scramble"": 0.25}",ok
kendall,portfolio,14,6,304,False,6100,"{""swap"": 0.25, ""insert"": 0.25, ""inversion"": 0.25, ""scramble"": 0.25}",ok
kendall,portfolio,14,7,421,False,8440,"{""swap"": 0.25, ""insert"": 0.25, ""inversion"": 0.25, ""scramble"": 0.25}",ok
kendall,portfolio,14,8,457,False,9160,"{""swap"": 0.25, ""insert"": 0.25, ""inversion"": 0.25, ""scramble"": 0.25}",ok
kendall,portfolio,14,9,237,False,4760,"{""swap"": 0.25, ""insert"": 0.25, ""inversion"": 0.25, ""scramble"": 0.25}",ok
kendall,portfolio,14,10,221,False,4440,"{""swap"": 0.25, ""insert"": 0.25, ""inversion"": 0.25, ""scramble"": 0.25}",ok
kendall,portfolio,14,11,211,False,4240,"{""swap"": 0.25, ""insert"": 0.25, ""inversion"": 0.25, ""scramble"": 0.25}",ok
kendall,portfolio,14,12,328,False,6580,"{""swap"": 0.25, ""insert"": 0.25, ""inversion"": 0.25, ""scramble"": 0.25}",ok
kendall,portfolio,14,13,304,False,6100,"{""swap"": 0.25, ""insert"": 0.25, ""inversion"": 0.25, ""scramble"": 0.25}",ok
kendall,portfolio,14,14,138,False,2780,"{""swap"": 0.25, ""insert"": 0.25, ""inversion"": 0.25, ""scramble"": 0.25}",ok
kendall,portfolio,16,0,520,False,10420,"{""swap"": 0.25, ""insert"": 0.25, ""inversion"": 0.25, ""scramble"": 0.25}",ok
kendall,portfolio,16,1,555,False,11120,"{""swap"": 0.25, ""insert"": 0.25, ""inversion"": 0.25, ""scramble"": 0.25}",ok
kendall,portfolio,16,2,625,False,12520,"{""swap"": 0.25, ""insert"": 0.25, ""inversion"": 0.25, ""scramble"": 0.25}",ok
kendall,portfolio,16,3,442,False,8860,"{""swap"": 0.25, ""insert"": 0.25, ""inversion"": 0.25, ""scramble"": 0.25}",ok
kendall,portfolio,16,4,356,False,7140,"{""swap"": 0.25, ""insert"": 0.25, ""inversion"": 0.25, ""scramble"": 0.25}",ok
kendall,portfolio,16,5,350,False,7020,"{""swap"": 0.25, ""insert"": 0.25, ""inversion"": 0.25, ""scramble"": 0.25}",ok
kendall,portfolio,16,6,394,False,7900,"{""swap"": 0.25, ""insert"": 0.25, ""inversion"": 0.25, ""scramble"": 0.25}",ok
kendall,portfolio,16,7,444,False,8900,"{""swap"": 0.25, ""insert"": 0.25, ""inversion"": 0.25, ""scramble"": 0.25}",ok
kendall,portfolio,16,8,552,False,11060,"{""swap"": 0.25, ""insert"": 0.25, ""inversion"": 0.25, ""scramble"": 0.25}",ok
kendall,portfolio,16,9,349,False,7000,"{""swap"": 0.25, ""insert"": 0.25, ""inversion"": 0.25, ""scramble"": 0.25}",ok
kendall,portfolio,16,10,897,False,17960,"{""swap"": 0.25, ""insert"": 0.25, ""inversion"": 0.25, ""scramble"": 0.25}",ok
kendall,portfolio,16,11,752,False,15060,"{""swap"": 0.25, ""insert"": 0.25, ""inversion"": 0.25, ""scramble"": 0.25}",ok
kendall,portfolio,16,12,551,False,11040,"{""swap"": 0.25, ""insert"": 0.25, ""inversion"": 0.25, ""scramble"": 0.25}",ok
kendall,portfolio,16,13,259,False,5200,"{""swap"": 0.25, ""insert"": 0.25, ""inversion"": 0.25, ""scramble"": 0.25}",ok
kendall,portfolio,16,14,470,False,9420,"{""swap"": 0.25, ""insert"": 0.25, ""inversion"": 0.25, ""scramble"": 0.25}",ok
kendall,adaptive,6,0,11,False,250,"{""swap"": 0.3294, ""insert"": 0.1953, ""inversion"": 0.1953, ""scramble"": 0.2799}",ok
kendall,adaptive,6,1,62,False,1311,"{""swap"": 0.2291, ""insert"": 0.3381, ""inversion"": 0.2346, ""scramble"": 0.1982}",ok
kendall,adaptive,6,2,53,False,1116,"{""swap"": 0.3145, ""insert"": 0.205, ""inversion"": 0.2812, ""scramble"": 0.1993}",ok
kendall,adaptive,6,3,0,False,20,"{""swap"": 0.25, ""insert"": 0.25, ""inversion"": 0.25, ""scramble"": 0.25}",ok
kendall,adaptive,6,4,35,False,757,"{""swap"": 0.2209, ""insert"": 0.2349, ""inversion"": 0.261, ""scramble"": 0.2831}",ok
kendall,adaptive,6,5,10,False,233,"{""swap"": 0.1713, ""insert"": 0.3586, ""inversion"": 0.235, ""scramble"": 0.235}",ok
kendall,adaptive,6,6,41,False,875,"{""swap"": 0.1557, ""insert"": 0.3325, ""inversion"": 0.2637, ""scramble"": 0.2482}",ok
kendall,adaptive,6,7,44,False,933,"{""swap"": 0.2282, ""insert"": 0.3074, ""inversion"": 0.3297, ""scramble"": 0.1348}",ok
kendall,adaptive,6,8,37,False,786,"{""swap"": 0.1993, ""insert"": 0.3522, ""inversion"": 0.287, ""scramble"": 0.1615}",ok
kendall,adaptive,6,9,45,False,943,"{""swap"": 0.2595, ""insert"": 0.2724, ""inversion"": 0.2218, ""scramble"": 0.2464}",ok
kendall,adaptive,6,10,15,False,337,"{""swap"": 0.2185, ""insert"": 0.3009, ""inversion"": 0.275, ""scramble"": 0.2056}",ok
kendall,adaptive,6,11,24,False,531,"{""swap"": 0.3058, ""insert"": 0.3017, ""inversion"": 0.227, ""scramble"": 0.1655}",ok
kendall,adaptive,6,12,45,False,966,"{""swap"": 0.1546, ""insert"": 0.3841, ""inversion"": 0.2258, ""scramble"": 0.2356}",ok
kendall,adaptive,6,13,18,False,401,"{""swap"": 0.2873, ""insert"": 0.216, ""inversion"": 0.2201, ""scramble"": 0.2765}",ok
kendall,adaptive,6,14,5,False,125,"{""swap"": 0.3016, ""insert"": 0.1879, ""inversion"": 0.2088, ""scramble"": 0.3018}",ok
kendall,adaptive,8,0,90,False,1897,"{""swap"": 0.2432, ""insert"": 0.253, ""inversion"": 0.205, ""scramble"": 0.2988}",ok
kendall,adaptive,8,1,90,False,1890,"{""swap"": 0.2015, ""insert"": 0.343, ""inversion"": 0.1948, ""scramble"": 0.2607}",ok
kendall,adaptive,8,2,194,False,4075,"{""swap"": 0.1781, ""insert"": 0.2976, ""inversion"": 0.2591, ""scramble"": 0.2653}",ok
kendall,adaptive,8,3,62,False,1328,"{""swap"": 0.1917, ""insert"": 0.2635, ""inversion"": 0.2818, ""scramble"": 0.263}",ok
kendall,adaptive,8,4,151,False,3190,"{""swap"": 0.275, ""insert"": 0.2005, ""inversion"": 0.355, ""scramble"": 0.1695}",ok
kendall,adaptive,8,5,50,False,1076,"{""swap"": 0.1824, ""insert"": 0.2274, ""inversion"": 0.1652, ""scramble"": 0.425}",ok
kendall,adaptive,8,6,47,False,1001,"{""swap"": 0.1771, ""insert"": 0.3682, ""inversion"": 0.264, ""scramble"": 0.1908}",ok
kendall,adaptive,8,7,194,False,4068,"{""swap"": 0.134, ""insert"": 0.3656, ""inversion"": 0.2108, ""scramble"": 0.2896}",ok
kendall,adaptive,8,8,91,False,1921,"{""swap"": 0.3378, ""insert"": 0.2954, ""inversion"": 0.147, ""scramble"": 0.2198}",ok
kendall,adaptive,8,9,22,False,473,"{""swap"": 0.2517, ""insert"": 0.3157, ""inversion"": 0.1738, ""scramble"": 0.2588}",ok
kendall,adaptive,8,10,72,False,1524,"{""swap"": 0.2611, ""insert"": 0.2177, ""inversion"": 0.2665, ""scramble"": 0.2547}",ok
kendall,adaptive,8,11,90,False,1913,"{""swap"": 0.2052, ""insert"": 0.1704, ""inversion"": 0.3216, ""scramble"": 0.3028}",ok
kendall,adaptive,8,12,91,False,1942,"{""swap"": 0.298, ""insert"": 0.2469, ""inversion"": 0.1758, ""scramble"": 0.2792}",ok
kendall,adaptive,8,13,61,False,1297,"{""swap"": 0.2119, ""insert"": 0.2953, ""inversion"": 0.2456, ""scramble"": 0.2472}",ok
kendall,adaptive,8,14,91,False,1935,"{""swap"": 0.2713, ""insert"": 0.1813, ""inversion"": 0.253, ""scramble"": 0.2944}",ok
kendall,adaptive,10,0,227,False,4764,"{""swap"": 0.1394, ""insert"": 0.2797, ""inversion"": 0.2869, ""scramble"": 0.2941}",ok
kendall,adaptive,10,1,57,False,1214,"{""swap"": 0.2636, ""insert"": 0.2778, ""inversion"": 0.3133, ""scramble"": 0.1453}",ok
kendall,adaptive,10,2,85,False,1793,"{""swap"": 0.179, ""insert"": 0.3128, ""inversion"": 0.3363, ""scramble"": 0.1719}",ok
kendall,adaptive,10,3,75,False,1609,"{""swap"": 0.3075, ""insert"": 0.2014, ""inversion"": 0.1527, ""scramble"": 0.3383}",ok
kendall,adaptive,10,4,112,False,2372,"{""swap"": 0.3344, ""insert"": 0.2559, ""inversion"": 0.1457, ""scramble"": 0.264}",ok
kendall,adaptive,10,5,320,False,6719,"{""swap"": 0.2233, ""insert"": 0.2342, ""inversion"": 0.2056, ""scramble"": 0.3369}",ok
kendall,adaptive,10,6,61,False,1312,"{""swap"": 0.2904, ""insert"": 0.3074, ""inversion"": 0.1803, ""scramble"": 0.222}",ok
kendall,adaptive,10,7,159,False,3354,"{""swap"": 0.3167, ""insert"": 0.2018, ""inversion"": 0.2654, ""scramble"": 0.2161}",ok
kendall,adaptive,10,8,88,False,1852,"{""swap"": 0.2367, ""insert"": 0.3059, ""inversion"": 0.2297, ""scramble"": 0.2276}",ok
kendall,adaptive,10,9,101,False,2134,"{""swap"": 0.2444, ""insert"": 0.2672, ""inversion"": 0.325, ""scramble"": 0.1634}",ok
kendall,adaptive,10,10,103,False,2167,"{""swap"": 0.2984, ""insert"": 0.356, ""inversion"": 0.1884, ""scramble"": 0.1571}",ok
kendall,adaptive,10,11,97,False,2047,"{""swap"": 0.2057, ""insert"": 0.2692, ""inversion"": 0.2622, ""scramble"": 0.2629}",ok
kendall,adaptive,10,12,79,False,1670,"{""swap"": 0.2655, ""insert"": 0.3123, ""inversion"": 0.235, ""scramble"": 0.1873}",ok
kendall,adaptive,10,13,198,False,4157,"{""swap"": 0.3201, ""insert"": 0.2883, ""inversion"": 0.1864, ""scramble"": 0.2052}",ok
kendall,adaptive,10,14,301,False,6338,"{""swap"": 0.2401, ""insert"": 0.2961, ""inversion"": 0.2835, ""scramble"": 0.1803}",ok
kendall,adaptive,12,0,308,False,6442,"{""swap"": 0.1576, ""insert"": 0.3195, ""inversion"": 0.2601, ""scramble"": 0.2628}",ok
kendall,adaptive,12,1,168,False,3536,"{""swap"": 0.1677, ""insert"": 0.1919, ""inversion"": 0.3197, ""scramble"": 0.3208}",ok
kendall,adaptive,12,2,289,False,6062,"{""swap"": 0.2564, ""insert"": 0.3287, ""inversion"": 0.1281, ""scramble"": 0.2869}",ok
kendall,adaptive,12,3,311,False,6552,"{""swap"": 0.3612, ""insert"": 0.2265, ""inversion"": 0.2406, ""scramble"": 0.1717}",ok
kendall,adaptive,12,4,225,False,4740,"{""swap"": 0.1883, ""insert"": 0.252, ""inversion"": 0.3845, ""scramble"": 0.1752}",ok
kendall,adaptive,12,5,205,False,4314,"{""swap"": 0.3085, ""insert"": 0.3448, ""inversion"": 0.2035, ""scramble"": 0.1431}",ok
kendall,adaptive,12,6,291,False,6103,"{""swap"": 0.2602, ""insert"": 0.2798, ""inversion"": 0.2033, ""scramble"": 0.2567}",ok
kendall,adaptive,12,7,155,False,3282,"{""swap"": 0.2704, ""insert"": 0.2926, ""inversion"": 0.1901, ""scramble"": 0.247}",ok
kendall,adaptive,12,8,338,False,7068,"{""swap"": 0.2401, ""insert"": 0.3249, ""inversion"": 0.1713, ""scramble"": 0.2637}",ok
kendall,adaptive,12,9,266,False,5593,"{""swap"": 0.2421, ""insert"": 0.2886, ""inversion"": 0.2649, ""scramble"": 0.2045}",ok
kendall,adaptive,12,10,222,False,4656,"{""swap"": 0.2739, ""insert"": 0.2376, ""inversion"": 0.3016, ""scramble"": 0.1869}",ok
kendall,adaptive,12,11,278,False,5843,"{""swap"": 0.2265, ""insert"": 0.371, ""inversion"": 0.1915, ""scramble"": 0.2111}",ok
kendall,adaptive,12,12,216,False,4548,"{""swap"": 0.318, ""insert"": 0.165, ""inversion"": 0.2533, ""scramble"": 0.2636}",ok
kendall,adaptive,12,13,269,False,5633,"{""swap"": 0.2117, ""insert"": 0.1993, ""inversion"": 0.3428, ""scramble"": 0.2462}",ok
kendall,adaptive,12,14,279,False,5858,"{""swap"": 0.2706, ""insert"": 0.2907, ""inversion"": 0.2585, ""scramble"": 0.1803}",ok
kendall,adaptive,14,0,483,False,10133,"{""swap"": 0.2808, ""insert"": 0.2825, ""inversion"": 0.1943, ""scramble"": 0.2424}",ok
kendall,adaptive,14,1,432,False,9091,"{""swap"": 0.1495, ""insert"": 0.2154, ""inversion"": 0.2618, ""scramble"": 0.3733}",ok
kendall,adaptive,14,2,191,False,4009,"{""swap"": 0.161, ""insert"": 0.309, ""inversion"": 0.345, ""scramble"": 0.185}",ok
kendall,adaptive,14,3,391,False,8234,"{""swap"": 0.3096, ""insert"": 0.2028, ""inversion"": 0.262, ""scramble"": 0.2256}",ok
kendall,adaptive,14,4,408,False,8583,"{""swap"": 0.2326, ""insert"": 0.1946, ""inversion"": 0.2552, ""scramble"": 0.3175}",ok
kendall,adaptive,14,5,435,False,9137,"{""swap"": 0.1928, ""insert"": 0.2966, ""inversion"": 0.2282, ""scramble"": 0.2824}",ok
kendall,adaptive,14,6,282,False,5926,"{""swap"": 0.3042, ""insert"": 0.2523, ""inversion"": 0.1602, ""scramble"": 0.2834}",ok
kendall,adaptive,14,7,408,False,8573,"{""swap"": 0.2786, ""insert"": 0.2211, ""inversion"": 0.2825, ""scramble"": 0.2178}",ok
kendall,adaptive,14,8,327,False,6854,"{""swap"": 0.2369, ""insert"": 0.221, ""inversion"": 0.3186, ""scramble"": 0.2235}",ok
kendall,adaptive,14,9,215,False,4509,"{""swap"": 0.2516, ""insert"": 0.323, ""inversion"": 0.1936, ""scramble"": 0.2318}",ok
kendall,adaptive,14,10,118,False,2493,"{""swap"": 0.1882, ""insert"": 0.2237, ""inversion"": 0.3624, ""scramble"": 0.2258}",ok
kendall,adaptive,14,11,154,False,3234,"{""swap"": 0.2492, ""insert"": 0.2636, ""inversion"": 0.2505, ""scramble"": 0.2366}",ok
kendall,adaptive,14,12,486,False,10195,"{""swap"": 0.224, ""insert"": 0.2857, ""inversion"": 0.2579, ""scramble"": 0.2324}",ok
kendall,adaptive,14,13,237,False,4974,"{""swap"": 0.265, ""insert"": 0.1437, ""inversion"": 0.2989, ""scramble"": 0.2925}",ok
kendall,adaptive,14,14,420,False,8815,"{""swap"": 0.388, ""insert"": 0.2172, ""inversion"": 0.2447, ""scramble"": 0.1501}",ok
kendall,adaptive,16,0,293,False,6149,"{""swap"": 0.1736, ""insert"": 0.2008, ""inversion"": 0.3399, ""scramble"": 0.2857}",ok
kendall,adaptive,16,1,607,False,12756,"{""swap"": 0.2903, ""insert"": 0.2565, ""inversion"": 0.259, ""scramble"": 0.1942}",ok
kendall,adaptive,16,2,392,False,8215,"{""swap"": 0.225, ""insert"": 0.2765, ""inversion"": 0.3037, ""scramble"": 0.1947}",ok
kendall,adaptive,16,3,293,False,6199,"{""swap"": 0.1933, ""insert"": 0.2931, ""inversion"": 0.2297, ""scramble"": 0.284}",ok
kendall,adaptive,16,4,374,False,7848,"{""swap"": 0.2684, ""insert"": 0.1233, ""inversion"": 0.3092, ""scramble"": 0.2991}",ok
kendall,adaptive,16,5,590,False,12429,"{""swap"": 0.3386, ""insert"": 0.2656, ""inversion"": 0.2344, ""scramble"": 0.1614}",ok
kendall,adaptive,16,6,584,False,12280,"{""swap"": 0.3221, ""insert"": 0.1999, ""inversion"": 0.2418, ""scramble"": 0.2362}",ok
kendall,adaptive,16,7,458,False,9614,"{""swap"": 0.3214, ""insert"": 0.2378, ""inversion"": 0.2264, ""scramble"": 0.2144}",ok
kendall,adaptive,16,8,327,False,6841,"{""swap"": 0.265, ""insert"": 0.2573, ""inversion"": 0.1605, ""scramble"": 0.3172}",ok
kendall,adaptive,16,9,589,False,12348,"{""swap"": 0.2342, ""insert"": 0.3132, ""inversion"": 0.1759, ""scramble"": 0.2767}",ok
kendall,adaptive,16,10,275,False,5782,"{""swap"": 0.1854, ""insert"": 0.2568, ""inversion"": 0.2699, ""scramble"": 0.2878}",ok
kendall,adaptive,16,11,540,False,11300,"{""swap"": 0.2311, ""insert"": 0.2772, ""inversion"": 0.2621, ""scramble"": 0.2296}",ok
kendall,adaptive,16,12,367,False,7717,"{""swap"": 0.2834, ""insert"": 0.3052, ""inversion"": 0.1435, ""scramble"": 0.2679}",ok
kendall,adaptive,16,13,656,False,13733,"{""swap"": 0.2355, ""insert"": 0.2317, ""inversion"": 0.2573, ""scramble"": 0.2756}",ok
kendall,adaptive,16,14,519,False,10893,"{""swap"": 0.2678, ""insert"": 0.2755, ""inversion"": 0.2121, ""scramble"": 0.2446}",ok
adjacency,portfolio,6,0,2,False,60,"{""swap"": 0.25, ""insert"": 0.25, ""inversion"": 0.25, ""scramble"": 0.25}",ok
adjacency,portfolio,6,1,94,False,1900,"{""swap"": 0.25, ""insert"": 0.25, ""inversion"": 0.25, ""scramble"": 0.25}",ok
adjacency,portfolio,6,2,75,False,1520,"{""swap"": 0.25, ""insert"": 0.25, ""inversion"": 0.25, ""scramble"": 0.25}",ok
adjacency,portfolio,6,3,0,False,20,"{""swap"": 0.25, ""insert"": 0.25, ""inversion"": 0.25, ""scramble"": 0.25}",ok
adjacency,portfolio,6,4,14,False,300,"{""swap"": 0.25, ""insert"": 0.25, ""inversion"": 0.25, ""scramble"": 0.25}",ok
adjacency,portfolio,6,5,14,False,300,"{""swap"": 0.25, ""insert"": 0.25, ""inversion"": 0.25, ""scramble"": 0.25}",ok
adjacency,portfolio,6,6,67,False,1360,"{""swap"": 0.25, ""insert"": 0.25, ""inversion"": 0.25, ""scramble"": 0.25}",ok
adjacency,portfolio,6,7,125,False,2520,"{""swap"": 0.25, ""insert"": 0.25, ""inversion"": 0.25, ""scramble"": 0.25}",ok
adjacency,portfolio,6,8,53,False,1080,"{""swap"": 0.25, ""insert"": 0.25, ""inversion"": 0.25, ""scramble"": 0.25}",ok
adjacency,portfolio,6,9,88,False,1780,"{""swap"": 0.25, ""insert"": 0.25, ""inversion"": 0.25, ""scramble"": 0.25}",ok
adjacency,portfolio,6,10,208,False,4180,"{""swap"": 0.25, ""insert"": 0.25, ""inversion"": 0.25, ""scramble"": 0.25}",ok
adjacency,portfolio,6,11,6,False,140,"{""swap"": 0.25, ""insert"": 0.25, ""inversion"": 0.25, ""scramble"": 0.25}",ok
adjacency,portfolio,6,12,364,False,7300,"{""swap"": 0.25, ""insert"": 0.25, ""inversion"": 0.25, ""scramble"": 0.25}",ok
adjacency,portfolio,6,13,37,False,760,"{""swap"": 0.25, ""insert"": 0.25, ""inversion"": 0.25, ""scramble"": 0.25}",ok
adjacency,portfolio,6,14,28,False,580,"{""swap"": 0.25, ""insert"": 0.25, ""inversion"": 0.25, ""scramble"": 0.25}",ok
adjacency,portfolio,8,0,82,False,1660,"{""swap"": 0.25, ""insert"": 0.25, ""inversion"": 0.25, ""scramble"": 0.25}",ok
adjacency,portfolio,8,1,144,False,2900,"{""swap"": 0.25, ""insert"": 0.25, ""inversion"": 0.25, ""scramble"": 0.25}",ok
adjacency,portfolio,8,2,263,False,5280,"{""swap"": 0.25, ""insert"": 0.25, ""inversion"": 0.25, ""scramble"": 0.25}",ok
adjacency,portfolio,8,3,58,False,1180,"{""swap"": 0.25, ""insert"": 0.25, ""inversion"": 0.25, ""scramble"": 0.25}",ok
adjacency,portfolio,8,4,1061,False,21240,"{""swap"": 0.25, ""insert"": 0.25, ""inversion"": 0.25, ""scramble"": 0.25}",ok
adjacency,portfolio,8,5,50,False,1020,"{""swap"": 0.25, ""insert"": 0.25, ""inversion"": 0.25, ""scramble"": 0.25}",ok
adjacency,portfolio,8,6,575,False,11520,"{""swap"": 0.25, ""insert"": 0.25, ""inversion"": 0.25, ""scramble"": 0.25}",ok
adjacency,portfolio,8,7,110,False,2220,"{""swap"": 0.25, ""insert"": 0.25, ""inversion"": 0.25, ""scramble"": 0.25}",ok
adjacency,portfolio,8,8,73,False,1480,"{""swap"": 0.25, ""insert"": 0.25, ""inversion"": 0.25, ""scramble"": 0.25}",ok
adjacency,portfolio,8,9,396,False,7940,"{""swap"": 0.25, ""insert"": 0.25, ""inversion"": 0.25, ""scramble"": 0.25}",ok
adjacency,portfolio,8,10,353,False,7080,"{""swap"": 0.25, ""insert"": 0.25, ""inversion"": 0.25, ""scramble"": 0.25}",ok
adjacency,portfolio,8,11,204,False,4100,"{""swap"": 0.25, ""insert"": 0.25, ""inversion"": 0.25, ""scramble"": 0.25}",ok
adjacency,portfolio,8,12,116,False,2340,"{""swap"": 0.25, ""insert"": 0.25, ""inversion"": 0.25, ""scramble"": 0.25}",ok
adjacency,portfolio,8,13,51,False,1040,"{""swap"": 0.25, ""insert"": 0.25, ""inversion"": 0.25, ""scramble"": 0.25}",ok
adjacency,portfolio,8,14,87,False,1760,"{""swap"": 0.25, ""insert"": 0.25, ""inversion"": 0.25, ""scramble"": 0.25}",ok
adjacency,portfolio,10,0,1521,False,30440,"{""swap"": 0.25, ""insert"": 0.25, ""inversion"": 0.25, ""scramble"": 0.25}",ok
adjacency,portfolio,10,1,1417,False,28360,"{""swap"": 0.25, ""insert"": 0.25, ""inversion"": 0.25, ""scramble"": 0.25}",ok
adjacency,portfolio,10,2,418,False,8380,"{""swap"": 0.25, ""insert"": 0.25, ""inversion"": 0.25, ""scramble"": 0.25}",ok
adjacency,portfolio,10,3,587,False,11760,"{""swap"": 0.25, ""insert"": 0.25, ""inversion"": 0.25, ""scramble"": 0.25}",ok
adjacency,portfolio,10,4,417,False,8360,"{""swap"": 0.25, ""insert"": 0.25, ""inversion"": 0.25, ""scramble"": 0.25}",ok
adjacency,portfolio,10,5,277,False,5560,"{""swap"": 0.25, ""insert"": 0.25, ""inversion"": 0.25, ""scramble"": 0.25}",ok
adjacency,portfolio,10,6,309,False,6200,"{""swap"": 0.25, ""insert"": 0.25, ""inversion"": 0.25, ""scramble"": 0.25}",ok
adjacency,portfolio,10,7,560,False,11220,"{""swap"": 0.25, ""insert"": 0.25, ""inversion"": 0.25, ""scramble"": 0.25}",ok
adjacency,portfolio,10,8,2667,False,53360,"{""swap"": 0.25, ""insert"": 0.25, ""inversion"": 0.25, ""scramble"": 0.25}",ok
adjacency,portfolio,10,9,2300,False,46020,"{""swap"": 0.25, ""insert"": 0.25, ""inversion"": 0.25, ""scramble"": 0.25}",ok
adjacency,portfolio,10,10,1444,False,28900,"{""swap"": 0.25, ""insert"": 0.25, ""inversion"": 0.25, ""scramble"": 0.25}",ok
adjacency,portfolio,10,11,158,False,3180,"{""swap"": 0.25, ""insert"": 0.25, ""inversion"": 0.25, ""scramble"": 0.25}",ok
adjacency,portfolio,10,12,115,False,2320,"{""swap"": 0.25, ""insert"": 0.25, ""inversion"": 0.25, ""scramble"": 0.25}",ok
adjacency,portfolio,10,13,1790,False,35820,"{""swap"": 0.25, ""insert"": 0.25, ""inversion"": 0.25, ""scramble"": 0.25}",ok
adjacency,portfolio,10,14,58,False,1180,"{""swap"": 0.25, ""insert"": 0.25, ""inversion"": 0.25, ""scramble"": 0.25}",ok
adjacency,portfolio,12,0,777,False,15560,"{""swap"": 0.25, ""insert"": 0.25, ""inversion"": 0.25, ""scramble"": 0.25}",ok
adjacency,portfolio,12,1,142,False,2860,"{""swap"": 0.25, ""insert"": 0.25, ""inversion"": 0.25, ""scramble"": 0.25}",ok
adjacency,portfolio,12,2,353,False,7080,"{""swap"": 0.25, ""insert"": 0.25, ""inversion"": 0.25, ""scramble"": 0.25}",ok
adjacency,portfolio,12,3,126,False,2540,"{""swap"": 0.25, ""insert"": 0.25, ""inversion"": 0.25, ""scramble"": 0.25}",ok
adjacency,portfolio,12,4,3893,False,77880,"{""swap"": 0.25, ""insert"": 0.25, ""inversion"": 0.25, ""scramble"": 0.25}",ok
adjacency,portfolio,12,5,807,False,16160,"{""swap"": 0.25, ""insert"": 0.25, ""inversion"": 0.25, ""scramble"": 0.25}",ok
adjacency,portfolio,12,6,824,False,16500,"{""swap"": 0.25, ""insert"": 0.25, ""inversion"": 0.25, ""scramble"": 0.25}",ok
adjacency,portfolio,12,7,1948,False,38980,"{""swap"": 0.25, ""insert"": 0.25, ""inversion"": 0.25, ""scramble"": 0.25}",ok
adjacency,portfolio,12,8,601,False,12040,"{""swap"": 0.25, ""insert"": 0.25, ""inversion"": 0.25, ""scramble"": 0.25}",ok
adjacency,portfolio,12,9,246,False,4940,"{""swap"": 0.25, ""insert"": 0.25, ""inversion"": 0.25, ""scramble"": 0.25}",ok
adjacency,portfolio,12,10,239,False,4800,"{""swap"": 0.25, ""insert"": 0.25, ""inversion"": 0.25, ""scramble"": 0.25}",ok
adjacency,portfolio,12,11,434,False,8700,"{""swap"": 0.25, ""insert"": 0.25, ""inversion"": 0.25, ""scramble"": 0.25}",ok
adjacency,portfolio,12,12,464,False,9300,"{""swap"": 0.25, ""insert"": 0.25, ""inversion"": 0.25, ""scramble"": 0.25}",ok
adjacency,portfolio,12,13,153,False,3080,"{""swap"": 0.25, ""insert"": 0.25, ""inversion"": 0.25, ""scramble"": 0.25}",ok
adjacency,portfolio,12,14,752,False,15060,"{""swap"": 0.25, ""insert"": 0.25, ""inversion"": 0.25, ""scramble"": 0.25}",ok
adjacency,portfolio,14,0,2442,False,48860,"{""swap"": 0.25, ""insert"": 0.25, ""inversion"": 0.25, ""scramble"": 0.25}",ok
adjacency,portfolio,14,1,1064,False,21300,"{""swap"": 0.25, ""insert"": 0.25, ""inversion"": 0.25, ""scramble"": 0.25}",ok
adjacency,portfolio,14,2,6453,False,129080,"{""swap"": 0.25, ""insert"": 0.25, ""inversion"": 0.25, ""scramble"": 0.25}",ok
adjacency,portfolio,14,3,1938,False,38780,"{""swap"": 0.25, ""insert"": 0.25, ""inversion"": 0.25, ""scramble"": 0.25}",ok
adjacency,portfolio,14,4,1043,False,20880,"{""swap"": 0.25, ""insert"": 0.25, ""inversion"": 0.25, ""scramble"": 0.25}",ok
adjacency,portfolio,14,5,1830,False,36620,"{""swap"": 0.25, ""insert"": 0.25, ""inversion"": 0.25, ""scramble"": 0.25}",ok
adjacency,portfolio,14,6,2853,False,57080,"{""swap"": 0.25, ""insert"": 0.25, ""inversion"": 0.25, ""scramble"": 0.25}",ok
adjacency,portfolio,14,7,328,False,6580,"{""swap"": 0.25, ""insert"": 0.25, ""inversion"": 0.25, ""scramble"": 0.25}",ok
adjacency,portfolio,14,8,1160,False,23220,"{""swap"": 0.25, ""insert"": 0.25, ""inversion"": 0.25, ""scramble"": 0.25}",ok
adjacency,portfolio,14,9,340,False,6820,"{""swap"": 0.25, ""insert"": 0.25, ""inversion"": 0.25, ""scramble"": 0.25}",ok
adjacency,portfolio,14,10,3784,False,75700,"{""swap"": 0.25, ""insert"": 0.25, ""inversion"": 0.25, ""scramble"": 0.25}",ok
adjacency,portfolio,14,11,930,False,18620,"{""swap"": 0.25, ""insert"": 0.25, ""inversion"": 0.25, ""scramble"": 0.25}",ok
adjacency,portfolio,14,12,480,False,9620,"{""swap"": 0.25, ""insert"": 0.25, ""inversion"": 0.25, ""scramble"": 0.25}",ok
adjacency,portfolio,14,13,1692,False,33860,"{""swap"": 0.25, ""insert"": 0.25, ""inversion"": 0.25, ""scramble"": 0.25}",ok
adjacency,portfolio,14,14,5912,False,118260,"{""swap"": 0.25, ""insert"": 0.25, ""inversion"": 0.25, ""scramble"": 0.25}",ok
adjacency,portfolio,16,0,2009,False,40200,"{""swap"": 0.25, ""insert"": 0.25, ""inversion"": 0.25, ""scramble"": 0.25}",ok
adjacency,portfolio,16,1,4240,False,84820,"{""swap"": 0.25, ""insert"": 0.25, ""inversion"": 0.25, ""scramble"": 0.25}",ok
adjacency,portfolio,16,2,2422,False,48460,"{""swap"": 0.25, ""insert"": 0.25, ""inversion"": 0.25, ""scramble"": 0.25}",ok
adjacency,portfolio,16,3,1514,False,30300,"{""swap"": 0.25, ""insert"": 0.25, ""inversion"": 0.25, ""scramble"": 0.25}",ok
adjacency,portfolio,16,4,2047,False,40960,"{""swap"": 0.25, ""insert"": 0.25, ""inversion"": 0.25, ""scramble"": 0.25}",ok
adjacency,portfolio,16,5,1826,False,36540,"{""swap"": 0.25, ""insert"": 0.25, ""inversion"": 0.25, ""scramble"": 0.25}",ok
adjacency,portfolio,16,6,1009,False,20200,"{""swap"": 0.25, ""insert"": 0.25, ""inversion"": 0.25, ""scramble"": 0.25}",ok
adjacency,portfolio,16,7,536,False,10740,"{""swap"": 0.25, ""insert"": 0.25, ""inversion"": 0.25, ""scramble"": 0.25}",ok
adjacency,portfolio,16,8,2511,False,50240,"{""swap"": 0.25, ""insert"": 0.25, ""inversion"": 0.25, ""scramble"": 0.25}",ok
adjacency,portfolio,16,9,1550,False,31020,"{""swap"": 0.25, ""insert"": 0.25, ""inversion"": 0.25, ""scramble"": 0.25}",ok
adjacency,portfolio,16,10,2081,False,41640,"{""swap"": 0.25, ""insert"": 0.25, ""inversion"": 0.25, ""scramble"": 0.25}",ok
adjacency,portfolio,16,11,955,False,19120,"{""swap"": 0.25, ""insert"": 0.25, ""inversion"": 0.25, ""scramble"": 0.25}",ok
adjacency,portfolio,16,12,1538,False,30780,"{""swap"": 0.25, ""insert"": 0.25, ""inversion"": 0.25, ""scramble"": 0.25}",ok
adjacency,portfolio,16,13,1554,False,31100,"{""swap"": 0.25, ""insert"": 0.25, ""inversion"": 0.25, ""scramble"": 0.25}",ok
adjacency,portfolio,16,14,2939,False,58800,"{""swap"": 0.25, ""insert"": 0.25, ""inversion"": 0.25, ""scramble"": 0.25}",ok
adjacency,adaptive,6,0,2,False,62,"{""swap"": 0.2387, ""insert"": 0.2387, ""inversion"": 0.2148, ""scramble"": 0.3079}",ok
adjacency,adaptive,6,1,64,False,1353,"{""swap"": 0.2577, ""insert"": 0.2319, ""inversion"": 0.3017, ""scramble"": 0.2087}",ok
adjacency,adaptive,6,2,75,False,1582,"{""swap"": 0.1825, ""insert"": 0.2635, ""inversion"": 0.414, ""scramble"": 0.14}",ok
adjacency,adaptive,6,3,0,False,20,"{""swap"": 0.25, ""insert"": 0.25, ""inversion"": 0.25, ""scramble"": 0.25}",ok
adjacency,adaptive,6,4,14,False,312,"{""swap"": 0.3396, ""insert"": 0.2277, ""inversion"": 0.2277, ""scramble"": 0.205}",ok
adjacency,adaptive,6,5,14,False,316,"{""swap"": 0.238, ""insert"": 0.2219, ""inversion"": 0.3181, ""scramble"": 0.2219}",ok
adjacency,adaptive,6,6,137,False,2885,"{""swap"": 0.1265, ""insert"": 0.249, ""inversion"": 0.3172, ""scramble"": 0.3074}",ok
adjacency,adaptive,6,7,139,False,2923,"{""swap"": 0.28, ""insert"": 0.1837, ""inversion"": 0.2564, ""scramble"": 0.28}",ok
adjacency,adaptive,6,8,91,False,1901,"{""swap"": 0.2577, ""insert"": 0.2319, ""inversion"": 0.3017, ""scramble"": 0.2087}",ok
adjacency,adaptive,6,9,88,False,1849,"{""swap"": 0.2342, ""insert"": 0.2342, ""inversion"": 0.2974, ""scramble"": 0.2342}",ok
adjacency,adaptive,6,10,147,False,3087,"{""swap"": 0.2695, ""insert"": 0.2183, ""inversion"": 0.2695, ""scramble"": 0.2426}",ok
adjacency,adaptive,6,11,6,False,146,"{""swap"": 0.2147, ""insert"": 0.2386, ""inversion"": 0.3319, ""scramble"": 0.2147}",ok
adjacency,adaptive,6,12,85,False,1817,"{""swap"": 0.2126, ""insert"": 0.3295, ""inversion"": 0.2126, ""scramble"": 0.2453}",ok
adjacency,adaptive,6,13,37,False,791,"{""swap"": 0.1739, ""insert"": 0.2945, ""inversion"": 0.2666, ""scramble"": 0.265}",ok
adjacency,adaptive,6,14,107,False,2256,"{""swap"": 0.2558, ""insert"": 0.3691, ""inversion"": 0.1678, ""scramble"": 0.2072}",ok
adjacency,adaptive,8,0,82,False,1733,"{""swap"": 0.151, ""insert"": 0.2394, ""inversion"": 0.2938, ""scramble"": 0.3158}",ok
adjacency,adaptive,8,1,62,False,1306,"{""swap"": 0.216, ""insert"": 0.3922, ""inversion"": 0.1944, ""scramble"": 0.1974}",ok
adjacency,adaptive,8,2,147,False,3087,"{""swap"": 0.1848, ""insert"": 0.1848, ""inversion"": 0.3607, ""scramble"": 0.2698}",ok
adjacency,adaptive,8,3,237,False,5001,"{""swap"": 0.2353, ""insert"": 0.2118, ""inversion"": 0.3176, ""scramble"": 0.2353}",ok
adjacency,adaptive,8,4,21,False,462,"{""swap"": 0.241, ""insert"": 0.2008, ""inversion"": 0.3955, ""scramble"": 0.1627}",ok
adjacency,adaptive,8,5,50,False,1076,"{""swap"": 0.206, ""insert"": 0.2122, ""inversion"": 0.1706, ""scramble"": 0.4112}",ok
adjacency,adaptive,8,6,112,False,2368,"{""swap"": 0.1716, ""insert"": 0.1784, ""inversion"": 0.3148, ""scramble"": 0.3352}",ok
adjacency,adaptive,8,7,94,False,1985,"{""swap"": 0.2044, ""insert"": 0.2271, ""inversion"": 0.3414, ""scramble"": 0.2271}",ok
adjacency,adaptive,8,8,166,False,3487,"{""swap"": 0.1901, ""insert"": 0.213, ""inversion"": 0.3452, ""scramble"": 0.2517}",ok
adjacency,adaptive,8,9,896,False,18780,"{""swap"": 0.27, ""insert"": 0.2812, ""inversion"": 0.2271, ""scramble"": 0.2217}",ok
adjacency,adaptive,8,10,467,False,9770,"{""swap"": 0.1958, ""insert"": 0.2686, ""inversion"": 0.2006, ""scramble"": 0.3351}",ok
adjacency,adaptive,8,11,348,False,7311,"{""swap"": 0.1992, ""insert"": 0.2053, ""inversion"": 0.3469, ""scramble"": 0.2487}",ok
adjacency,adaptive,8,12,71,False,1519,"{""swap"": 0.3403, ""insert"": 0.2167, ""inversion"": 0.2675, ""scramble"": 0.1755}",ok
adjacency,adaptive,8,13,28,False,611,"{""swap"": 0.2551, ""insert"": 0.223, ""inversion"": 0.1806, ""scramble"": 0.3412}",ok
adjacency,adaptive,8,14,87,False,1851,"{""swap"": 0.1896, ""insert"": 0.3234, ""inversion"": 0.2629, ""scramble"": 0.2241}",ok
adjacency,adaptive,10,0,347,False,7279,"{""swap"": 0.3167, ""insert"": 0.1656, ""inversion"": 0.2893, ""scramble"": 0.2284}",ok
adjacency,adaptive,10,1,191,False,4027,"{""swap"": 0.1585, ""insert"": 0.1744, ""inversion"": 0.3411, ""scramble"": 0.326}",ok
adjacency,adaptive,10,2,4274,False,89525,"{""swap"": 0.1832, ""insert"": 0.2197, ""inversion"": 0.3529, ""scramble"": 0.2441}",ok
adjacency,adaptive,10,3,764,False,16050,"{""swap"": 0.1827, ""insert"": 0.3095, ""inversion"": 0.307, ""scramble"": 0.2008}",ok
adjacency,adaptive,10,4,417,False,8757,"{""swap"": 0.2617, ""insert"": 0.1893, ""inversion"": 0.3096, ""scramble"": 0.2393}",ok
adjacency,adaptive,10,5,339,False,7130,"{""swap"": 0.2435, ""insert"": 0.2061, ""inversion"": 0.2677, ""scramble"": 0.2827}",ok
adjacency,adaptive,10,6,309,False,6484,"{""swap"": 0.2583, ""insert"": 0.2324, ""inversion"": 0.2637, ""scramble"": 0.2456}",ok
adjacency,adaptive,10,7,2218,False,46427,"{""swap"": 0.2326, ""insert"": 0.24, ""inversion"": 0.2573, ""scramble"": 0.27}",ok
adjacency,adaptive,10,8,253,False,5302,"{""swap"": 0.1445, ""insert"": 0.2534, ""inversion"": 0.374, ""scramble"": 0.2281}",ok
adjacency,adaptive,10,9,835,False,17545,"{""swap"": 0.2577, ""insert"": 0.3801, ""inversion"": 0.1302, ""scramble"": 0.2319}",ok
adjacency,adaptive,10,10,582,False,12202,"{""swap"": 0.1832, ""insert"": 0.2601, ""inversion"": 0.2533, ""scramble"": 0.3033}",ok
adjacency,adaptive,10,11,1622,False,33983,"{""swap"": 0.2686, ""insert"": 0.2489, ""inversion"": 0.2877, ""scramble"": 0.1947}",ok
adjacency,adaptive,10,12,322,False,6765,"{""swap"": 0.1537, ""insert"": 0.1991, ""inversion"": 0.2902, ""scramble"": 0.3571}",ok
adjacency,adaptive,10,13,132,False,2777,"{""swap"": 0.1615, ""insert"": 0.2734, ""inversion"": 0.3657, ""scramble"": 0.1993}",ok
adjacency,adaptive,10,14,518,False,10859,"{""swap"": 0.2048, ""insert"": 0.2558, ""inversion"": 0.2585, ""scramble"": 0.2809}",ok
adjacency,adaptive,12,0,229,False,4804,"{""swap"": 0.2049, ""insert"": 0.1942, ""inversion"": 0.305, ""scramble"": 0.296}",ok
adjacency,adaptive,12,1,231,False,4871,"{""swap"": 0.2047, ""insert"": 0.1769, ""inversion"": 0.3929, ""scramble"": 0.2255}",ok
adjacency,adaptive,12,2,2634,False,55149,"{""swap"": 0.2378, ""insert"": 0.2202, ""inversion"": 0.3545, ""scramble"": 0.1875}",ok
adjacency,adaptive,12,3,274,False,5773,"{""swap"": 0.3638, ""insert"": 0.1956, ""inversion"": 0.209, ""scramble"": 0.2316}",ok
adjacency,adaptive,12,4,773,False,16213,"{""swap"": 0.2277, ""insert"": 0.2587, ""inversion"": 0.343, ""scramble"": 0.1706}",ok
adjacency,adaptive,12,5,2458,False,51491,"{""swap"": 0.2528, ""insert"": 0.202, ""inversion"": 0.2682, ""scramble"": 0.277}",ok
adjacency,adaptive,12,6,743,False,15579,"{""swap"": 0.1925, ""insert"": 0.2263, ""inversion"": 0.3298, ""scramble"": 0.2514}",ok
adjacency,adaptive,12,7,6534,False,136859,"{""swap"": 0.2622, ""insert"": 0.2088, ""inversion"": 0.3378, ""scramble"": 0.1911}",ok
adjacency,adaptive,12,8,1057,False,22145,"{""swap"": 0.2366, ""insert"": 0.2295, ""inversion"": 0.329, ""scramble"": 0.205}",ok
adjacency,adaptive,12,9,102,False,2155,"{""swap"": 0.2286, ""insert"": 0.3025, ""inversion"": 0.2876, ""scramble"": 0.1814}",ok
adjacency,adaptive,12,10,2609,False,54693,"{""swap"": 0.2951, ""insert"": 0.1373, ""inversion"": 0.312, ""scramble"": 0.2556}",ok
adjacency,adaptive,12,11,401,False,8422,"{""swap"": 0.2688, ""insert"": 0.1985, ""inversion"": 0.3016, ""scramble"": 0.2311}",ok
adjacency,adaptive,12,12,6289,False,131748,"{""swap"": 0.3355, ""insert"": 0.2066, ""inversion"": 0.2842, ""scramble"": 0.1737}",ok
adjacency,adaptive,12,13,4261,False,89272,"{""swap"": 0.1787, ""insert"": 0.2396, ""inversion"": 0.348, ""scramble"": 0.2337}",ok
adjacency,adaptive,12,14,1441,False,30227,"{""swap"": 0.1651, ""insert"": 0.2407, ""inversion"": 0.3048, ""scramble"": 0.2894}",ok
adjacency,adaptive,14,0,432,False,9058,"{""swap"": 0.2212, ""insert"": 0.2453, ""inversion"": 0.3721, ""scramble"": 0.1613}",ok
adjacency,adaptive,14,1,154,False,3247,"{""swap"": 0.2163, ""insert"": 0.2694, ""inversion"": 0.3196, ""scramble"": 0.1947}",ok
adjacency,adaptive,14,2,1062,False,22268,"{""swap"": 0.1808, ""insert"": 0.3212, ""inversion"": 0.2383, ""scramble"": 0.2597}",ok
adjacency,adaptive,14,3,254,False,5352,"{""swap"": 0.2117, ""insert"": 0.1889, ""inversion"": 0.3258, ""scramble"": 0.2736}",ok
adjacency,adaptive,14,4,1622,False,34060,"{""swap"": 0.2217, ""insert"": 0.2356, ""inversion"": 0.3541, ""scramble"": 0.1885}",ok
adjacency,adaptive,14,5,1009,False,21171,"{""swap"": 0.2809, ""insert"": 0.2147, ""inversion"": 0.2664, ""scramble"": 0.2379}",ok
adjacency,adaptive,14,6,774,False,16276,"{""swap"": 0.2127, ""insert"": 0.2318, ""inversion"": 0.3702, ""scramble"": 0.1853}",ok
adjacency,adaptive,14,7,622,False,13055,"{""swap"": 0.3049, ""insert"": 0.2139, ""inversion"": 0.2757, ""scramble"": 0.2056}",ok
adjacency,adaptive,14,8,2394,False,50090,"{""swap"": 0.189, ""insert"": 0.2201, ""inversion"": 0.2907, ""scramble"": 0.3001}",ok
adjacency,adaptive,14,9,348,False,7316,"{""swap"": 0.2645, ""insert"": 0.1788, ""inversion"": 0.3888, ""scramble"": 0.168}",ok
adjacency,adaptive,14,10,2337,False,49011,"{""swap"": 0.2073, ""insert"": 0.2503, ""inversion"": 0.3251, ""scramble"": 0.2172}",ok
adjacency,adaptive,14,11,1666,False,34935,"{""swap"": 0.2863, ""insert"": 0.3145, ""inversion"": 0.2039, ""scramble"": 0.1953}",ok
adjacency,adaptive,14,12,840,False,17601,"{""swap"": 0.1675, ""insert"": 0.3726, ""inversion"": 0.3243, ""scramble"": 0.1356}",ok
adjacency,adaptive,14,13,1062,False,22194,"{""swap"": 0.205, ""insert"": 0.2929, ""inversion"": 0.2525, ""scramble"": 0.2496}",ok
adjacency,adaptive,14,14,2940,False,61700,"{""swap"": 0.2972, ""insert"": 0.2152, ""inversion"": 0.2963, ""scramble"": 0.1912}",ok
adjacency,adaptive,16,0,7189,False,150631,"{""swap"": 0.1908, ""insert"": 0.2465, ""inversion"": 0.3328, ""scramble"": 0.2299}",ok
adjacency,adaptive,16,1,3182,False,66767,"{""swap"": 0.3329, ""insert"": 0.2298, ""inversion"": 0.2632, ""scramble"": 0.1741}",ok
adjacency,adaptive,16,2,700,False,14665,"{""swap"": 0.1396, ""insert"": 0.2528, ""inversion"": 0.3126, ""scramble"": 0.2951}",ok
adjacency,adaptive,16,3,462,False,9717,"{""swap"": 0.1714, ""insert"": 0.2422, ""inversion"": 0.3248, ""scramble"": 0.2616}",ok
adjacency,adaptive,16,4,5084,False,106588,"{""swap"": 0.2815, ""insert"": 0.1708, ""inversion"": 0.2864, ""scramble"": 0.2613}",ok
adjacency,adaptive,16,5,10000,True,209335,"{""swap"": 0.2622, ""insert"": 0.1895, ""inversion"": 0.2722, ""scramble"": 0.2761}",censored
adjacency,adaptive,16,6,1241,False,26015,"{""swap"": 0.1736, ""insert"": 0.1898, ""inversion"": 0.3562, ""scramble"": 0.2803}",ok
adjacency,adaptive,16,7,1404,False,29463,"{""swap"": 0.2277, ""insert"": 0.2225, ""inversion"": 0.3094, ""scramble"": 0.2404}",ok
adjacency,adaptive,16,8,1385,False,29029,"{""swap"": 0.2306, ""insert"": 0.259, ""inversion"": 0.2926, ""scramble"": 0.2178}",ok
adjacency,adaptive,16,9,1617,False,33859,"{""swap"": 0.2162, ""insert"": 0.1944, ""inversion"": 0.3932, ""scramble"": 0.1962}",ok
adjacency,adaptive,16,10,2441,False,51203,"{""swap"": 0.1602, ""insert"": 0.2515, ""inversion"": 0.3635, ""scramble"": 0.2249}",ok
adjacency,adaptive,16,11,1145,False,23993,"{""swap"": 0.2354, ""insert"": 0.2294, ""inversion"": 0.3065, ""scramble"": 0.2287}",ok
adjacency,adaptive,16,12,844,False,17686,"{""swap"": 0.2156, ""insert"": 0.2564, ""inversion"": 0.3783, ""scramble"": 0.1497}",ok
adjacency,adaptive,16,13,966,False,20240,"{""swap"": 0.1929, ""insert"": 0.2111, ""inversion"": 0.3789, ""scramble"": 0.2171}",ok
adjacency,adaptive,16,14,1217,False,25498,"{""swap"": 0.2399, ""insert"": 0.1941, ""inversion"": 0.286, ""scramble"": 0.28}",ok
