landscape,method,seed,evals_to_optimum,best@200
xor_n6,elitist,0,17,1.0
xor_n6,elitist,1,13,1.0
xor_n6,elitist,2,5,1.0
xor_n6,elitist,3,34,1.0
xor_n6,elitist,4,48,1.0
xor_n6,elitist,5,72,1.0
xor_n6,elitist,6,16,1.0
xor_n6,elitist,7,2,1.0
xor_n6,elitist,8,1,1.0
xor_n6,elitist,9,22,1.0
xor_n6,elitist,10,6,1.0
xor_n6,elitist,11,1,1.0
xor_n6,elitist,12,4,1.0
xor_n6,elitist,13,33,1.0
xor_n6,elitist,14,3,1.0
xor_n6,aging,0,17,1.0
xor_n6,aging,1,13,1.0
xor_n6,aging,2,5,1.0
xor_n6,aging,3,74,1.0
xor_n6,aging,4,54,1.0
xor_n6,aging,5,66,1.0
xor_n6,aging,6,16,1.0
xor_n6,aging,7,2,1.0
xor_n6,aging,8,1,1.0
xor_n6,aging,9,95,1.0
xor_n6,aging,10,6,1.0
xor_n6,aging,11,1,1.0
xor_n6,aging,12,4,1.0
xor_n6,aging,13,74,1.0
xor_n6,aging,14,3,1.0
xor_n6,hybrid,0,17,1.0
xor_n6,hybrid,1,13,1.0
xor_n6,hybrid,2,5,1.0
xor_n6,hybrid,3,31,1.0
xor_n6,hybrid,4,26,1.0
xor_n6,hybrid,5,49,1.0
xor_n6,hybrid,6,16,1.0
xor_n6,hybrid,7,2,1.0
xor_n6,hybrid,8,1,1.0
xor_n6,hybrid,9,33,1.0
xor_n6,hybrid,10,6,1.0
xor_n6,hybrid,11,1,1.0
xor_n6,hybrid,12,4,1.0
xor_n6,hybrid,13,54,1.0
xor_n6,hybrid,14,3,1.0
xor_n6,surr-pos,0,33,1.0
xor_n6,surr-pos,1,19,1.0
xor_n6,surr-pos,2,5,1.0
xor_n6,surr-pos,3,29,1.0
xor_n6,surr-pos,4,13,1.0
xor_n6,surr-pos,5,16,1.0
xor_n6,surr-pos,6,48,1.0
xor_n6,surr-pos,7,2,1.0
xor_n6,surr-pos,8,1,1.0
xor_n6,surr-pos,9,30,1.0
xor_n6,surr-pos,10,6,1.0
xor_n6,surr-pos,11,1,1.0
xor_n6,surr-pos,12,4,1.0
xor_n6,surr-pos,13,96,1.0
xor_n6,surr-pos,14,3,1.0
xor_n6,surr-prec,0,28,1.0
xor_n6,surr-prec,1,14,1.0
xor_n6,surr-prec,2,5,1.0
xor_n6,surr-prec,3,20,1.0
xor_n6,surr-prec,4,12,1.0
xor_n6,surr-prec,5,32,1.0
xor_n6,surr-prec,6,17,1.0
xor_n6,surr-prec,7,2,1.0
xor_n6,surr-prec,8,1,1.0
xor_n6,surr-prec,9,14,1.0
xor_n6,surr-prec,10,6,1.0
xor_n6,surr-prec,11,1,1.0
xor_n6,surr-prec,12,4,1.0
xor_n6,surr-prec,13,44,1.0
xor_n6,surr-prec,14,3,1.0
xor_n6,random,0,28,1.0
xor_n6,random,1,25,1.0
xor_n6,random,2,14,1.0
xor_n6,random,3,5,1.0
xor_n6,random,4,33,1.0
xor_n6,random,5,6,1.0
xor_n6,random,6,3,1.0
xor_n6,random,7,112,1.0
xor_n6,random,8,33,1.0
xor_n6,random,9,108,1.0
xor_n6,random,10,16,1.0
xor_n6,random,11,4,1.0
xor_n6,random,12,20,1.0
xor_n6,random,13,32,1.0
xor_n6,random,14,11,1.0
parity_n7,elitist,0,-1,0.9583
parity_n7,elitist,1,93,1.0
parity_n7,elitist,2,57,1.0
parity_n7,elitist,3,-1,0.9583
parity_n7,elitist,4,143,1.0
parity_n7,elitist,5,-1,0.9583
parity_n7,elitist,6,-1,0.9583
parity_n7,elitist,7,-1,0.9583
parity_n7,elitist,8,224,0.9583
parity_n7,elitist,9,-1,0.9583
parity_n7,elitist,10,38,1.0
parity_n7,elitist,11,267,0.9583
parity_n7,elitist,12,172,1.0
parity_n7,elitist,13,28,1.0
parity_n7,elitist,14,217,0.9583
parity_n7,elitist,15,-1,0.9583
parity_n7,elitist,16,135,1.0
parity_n7,elitist,17,86,1.0
parity_n7,elitist,18,-1,0.9583
parity_n7,elitist,19,-1,0.9583
parity_n7,elitist,20,309,0.9583
parity_n7,elitist,21,59,1.0
parity_n7,elitist,22,-1,0.9583
parity_n7,elitist,23,21,1.0
parity_n7,elitist,24,-1,0.9583
parity_n7,elitist,25,16,1.0
parity_n7,elitist,26,-1,0.9583
parity_n7,elitist,27,-1,0.9583
parity_n7,elitist,28,28,1.0
parity_n7,elitist,29,-1,0.9583
parity_n7,elitist,30,-1,0.9583
parity_n7,elitist,31,-1,0.9583
parity_n7,elitist,32,-1,0.9583
parity_n7,elitist,33,-1,0.9583
parity_n7,elitist,34,-1,0.9583
parity_n7,elitist,35,139,1.0
parity_n7,elitist,36,142,1.0
parity_n7,elitist,37,40,1.0
parity_n7,elitist,38,-1,0.9583
parity_n7,elitist,39,-1,0.9583
parity_n7,aging,0,119,1.0
parity_n7,aging,1,46,1.0
parity_n7,aging,2,-1,0.9583
parity_n7,aging,3,434,0.9583
parity_n7,aging,4,342,0.9583
parity_n7,aging,5,53,1.0
parity_n7,aging,6,266,0.9583
parity_n7,aging,7,-1,0.9583
parity_n7,aging,8,79,1.0
parity_n7,aging,9,77,1.0
parity_n7,aging,10,156,1.0
parity_n7,aging,11,73,1.0
parity_n7,aging,12,363,0.9583
parity_n7,aging,13,475,0.9583
parity_n7,aging,14,175,1.0
parity_n7,aging,15,276,0.9583
parity_n7,aging,16,460,0.9583
parity_n7,aging,17,212,0.9583
parity_n7,aging,18,-1,0.9583
parity_n7,aging,19,-1,0.9583
parity_n7,aging,20,40,1.0
parity_n7,aging,21,219,0.9583
parity_n7,aging,22,47,1.0
parity_n7,aging,23,394,0.9583
parity_n7,aging,24,474,0.9583
parity_n7,aging,25,16,1.0
parity_n7,aging,26,396,0.9583
parity_n7,aging,27,-1,0.9583
parity_n7,aging,28,33,1.0
parity_n7,aging,29,130,1.0
parity_n7,aging,30,-1,0.9583
parity_n7,aging,31,275,0.9583
parity_n7,aging,32,-1,0.9583
parity_n7,aging,33,102,1.0
parity_n7,aging,34,-1,0.9583
parity_n7,aging,35,235,0.9583
parity_n7,aging,36,379,0.9583
parity_n7,aging,37,423,0.9583
parity_n7,aging,38,-1,0.9583
parity_n7,aging,39,130,1.0
parity_n7,hybrid,0,261,0.9583
parity_n7,hybrid,1,155,1.0
parity_n7,hybrid,2,186,1.0
parity_n7,hybrid,3,141,1.0
parity_n7,hybrid,4,95,1.0
parity_n7,hybrid,5,185,1.0
parity_n7,hybrid,6,-1,0.9583
parity_n7,hybrid,7,63,1.0
parity_n7,hybrid,8,411,0.9583
parity_n7,hybrid,9,-1,0.9583
parity_n7,hybrid,10,-1,0.9583
parity_n7,hybrid,11,22,1.0
parity_n7,hybrid,12,-1,0.9583
parity_n7,hybrid,13,413,0.9583
parity_n7,hybrid,14,267,0.9167
parity_n7,hybrid,15,-1,0.9583
parity_n7,hybrid,16,217,0.9583
parity_n7,hybrid,17,224,0.9583
parity_n7,hybrid,18,-1,0.9583
parity_n7,hybrid,19,-1,0.9583
parity_n7,hybrid,20,136,1.0
parity_n7,hybrid,21,56,1.0
parity_n7,hybrid,22,120,1.0
parity_n7,hybrid,23,323,0.9583
parity_n7,hybrid,24,327,0.9583
parity_n7,hybrid,25,16,1.0
parity_n7,hybrid,26,417,0.9583
parity_n7,hybrid,27,-1,0.9583
parity_n7,hybrid,28,172,1.0
parity_n7,hybrid,29,63,1.0
parity_n7,hybrid,30,353,0.9583
parity_n7,hybrid,31,-1,0.9583
parity_n7,hybrid,32,356,0.9583
parity_n7,hybrid,33,-1,0.9583
parity_n7,hybrid,34,467,0.9583
parity_n7,hybrid,35,404,0.9167
parity_n7,hybrid,36,-1,0.9583
parity_n7,hybrid,37,100,1.0
parity_n7,hybrid,38,307,0.9583
parity_n7,hybrid,39,242,0.9583
parity_n7,surr-pos,0,13,1.0
parity_n7,surr-pos,1,63,1.0
parity_n7,surr-pos,2,430,0.9583
parity_n7,surr-pos,3,118,1.0
parity_n7,surr-pos,4,-1,0.9583
parity_n7,surr-pos,5,-1,0.9583
parity_n7,surr-pos,6,-1,0.9583
parity_n7,surr-pos,7,-1,0.9583
parity_n7,surr-pos,8,-1,0.9583
parity_n7,surr-pos,9,-1,0.9583
parity_n7,surr-pos,10,181,1.0
parity_n7,surr-pos,11,381,0.9583
parity_n7,surr-pos,12,67,1.0
parity_n7,surr-pos,13,18,1.0
parity_n7,surr-pos,14,151,1.0
parity_n7,surr-pos,15,168,1.0
parity_n7,surr-pos,16,179,1.0
parity_n7,surr-pos,17,53,1.0
parity_n7,surr-pos,18,72,1.0
parity_n7,surr-pos,19,231,0.9583
parity_n7,surr-pos,20,300,0.9583
parity_n7,surr-pos,21,249,0.9583
parity_n7,surr-pos,22,70,1.0
parity_n7,surr-pos,23,248,0.9583
parity_n7,surr-pos,24,368,0.9583
parity_n7,surr-pos,25,76,1.0
parity_n7,surr-pos,26,106,1.0
parity_n7,surr-pos,27,83,1.0
parity_n7,surr-pos,28,185,1.0
parity_n7,surr-pos,29,374,0.9583
parity_n7,surr-pos,30,369,0.9583
parity_n7,surr-pos,31,111,1.0
parity_n7,surr-pos,32,194,1.0
parity_n7,surr-pos,33,221,0.9583
parity_n7,surr-pos,34,241,0.9583
parity_n7,surr-pos,35,117,1.0
parity_n7,surr-pos,36,153,1.0
parity_n7,surr-pos,37,-1,0.9583
parity_n7,surr-pos,38,487,0.9583
parity_n7,surr-pos,39,238,0.9583
parity_n7,surr-prec,0,257,0.9583
parity_n7,surr-prec,1,68,1.0
parity_n7,surr-prec,2,106,1.0
parity_n7,surr-prec,3,258,0.9583
parity_n7,surr-prec,4,350,0.9583
parity_n7,surr-prec,5,49,1.0
parity_n7,surr-prec,6,492,0.9583
parity_n7,surr-prec,7,17,1.0
parity_n7,surr-prec,8,-1,0.9583
parity_n7,surr-prec,9,26,1.0
parity_n7,surr-prec,10,390,0.9583
parity_n7,surr-prec,11,-1,0.9583
parity_n7,surr-prec,12,-1,0.9583
parity_n7,surr-prec,13,126,1.0
parity_n7,surr-prec,14,193,1.0
parity_n7,surr-prec,15,304,0.9583
parity_n7,surr-prec,16,187,1.0
parity_n7,surr-prec,17,15,1.0
parity_n7,surr-prec,18,440,0.9583
parity_n7,surr-prec,19,32,1.0
parity_n7,surr-prec,20,227,0.9583
parity_n7,surr-prec,21,139,1.0
parity_n7,surr-prec,22,28,1.0
parity_n7,surr-prec,23,-1,0.9583
parity_n7,surr-prec,24,207,0.9583
parity_n7,surr-prec,25,410,0.9583
parity_n7,surr-prec,26,416,0.9583
parity_n7,surr-prec,27,359,0.9583
parity_n7,surr-prec,28,13,1.0
parity_n7,surr-prec,29,18,1.0
parity_n7,surr-prec,30,185,1.0
parity_n7,surr-prec,31,400,0.9583
parity_n7,surr-prec,32,160,1.0
parity_n7,surr-prec,33,81,1.0
parity_n7,surr-prec,34,365,0.9583
parity_n7,surr-prec,35,-1,0.9583
parity_n7,surr-prec,36,-1,0.9583
parity_n7,surr-prec,37,-1,0.9583
parity_n7,surr-prec,38,108,1.0
parity_n7,surr-prec,39,74,1.0
parity_n7,random,0,412,0.9583
parity_n7,random,1,175,1.0
parity_n7,random,2,161,1.0
parity_n7,random,3,188,1.0
parity_n7,random,4,-1,0.9583
parity_n7,random,5,213,0.9583
parity_n7,random,6,72,1.0
parity_n7,random,7,-1,0.9583
parity_n7,random,8,111,1.0
parity_n7,random,9,-1,0.9583
parity_n7,random,10,152,1.0
parity_n7,random,11,285,0.9583
parity_n7,random,12,-1,0.9583
parity_n7,random,13,423,0.9583
parity_n7,random,14,165,1.0
parity_n7,random,15,391,0.9583
parity_n7,random,16,130,1.0
parity_n7,random,17,-1,0.9583
parity_n7,random,18,300,0.9583
parity_n7,random,19,423,0.9583
parity_n7,random,20,-1,0.9583
parity_n7,random,21,41,1.0
parity_n7,random,22,-1,0.9583
parity_n7,random,23,56,1.0
parity_n7,random,24,211,0.9583
parity_n7,random,25,286,0.9583
parity_n7,random,26,110,1.0
parity_n7,random,27,114,1.0
parity_n7,random,28,251,0.9583
parity_n7,random,29,-1,0.9583
parity_n7,random,30,115,1.0
parity_n7,random,31,90,1.0
parity_n7,random,32,361,0.9583
parity_n7,random,33,168,1.0
parity_n7,random,34,230,0.9583
parity_n7,random,35,216,0.9583
parity_n7,random,36,-1,0.9583
parity_n7,random,37,142,1.0
parity_n7,random,38,-1,0.9583
parity_n7,random,39,311,0.9583
llm_chain_n6,elitist,0,12,0.9688
llm_chain_n6,elitist,1,5,0.9688
llm_chain_n6,elitist,2,1,0.9688
llm_chain_n6,elitist,3,2,0.9688
llm_chain_n6,elitist,4,18,0.9688
llm_chain_n6,elitist,5,1,0.9688
llm_chain_n6,elitist,6,1,0.9688
llm_chain_n6,elitist,7,10,0.9688
llm_chain_n6,elitist,8,4,0.9688
llm_chain_n6,elitist,9,1,0.9688
llm_chain_n6,elitist,10,3,0.9688
llm_chain_n6,elitist,11,21,0.9688
llm_chain_n6,elitist,12,1,0.9688
llm_chain_n6,elitist,13,7,0.9688
llm_chain_n6,elitist,14,6,0.9688
llm_chain_n6,aging,0,12,0.9688
llm_chain_n6,aging,1,5,0.9688
llm_chain_n6,aging,2,1,0.9688
llm_chain_n6,aging,3,2,0.9688
llm_chain_n6,aging,4,18,0.9688
llm_chain_n6,aging,5,1,0.9688
llm_chain_n6,aging,6,1,0.9688
llm_chain_n6,aging,7,10,0.9688
llm_chain_n6,aging,8,4,0.9688
llm_chain_n6,aging,9,1,0.9688
llm_chain_n6,aging,10,3,0.9688
llm_chain_n6,aging,11,26,0.9688
llm_chain_n6,aging,12,1,0.9688
llm_chain_n6,aging,13,7,0.9688
llm_chain_n6,aging,14,6,0.9688
llm_chain_n6,hybrid,0,12,0.9688
llm_chain_n6,hybrid,1,5,0.9688
llm_chain_n6,hybrid,2,1,0.9688
llm_chain_n6,hybrid,3,2,0.9688
llm_chain_n6,hybrid,4,18,0.9688
llm_chain_n6,hybrid,5,1,0.9688
llm_chain_n6,hybrid,6,1,0.9688
llm_chain_n6,hybrid,7,10,0.9688
llm_chain_n6,hybrid,8,4,0.9688
llm_chain_n6,hybrid,9,1,0.9688
llm_chain_n6,hybrid,10,3,0.9688
llm_chain_n6,hybrid,11,39,0.9688
llm_chain_n6,hybrid,12,1,0.9688
llm_chain_n6,hybrid,13,7,0.9688
llm_chain_n6,hybrid,14,6,0.9688
llm_chain_n6,surr-pos,0,18,0.9688
llm_chain_n6,surr-pos,1,5,0.9688
llm_chain_n6,surr-pos,2,1,0.9688
llm_chain_n6,surr-pos,3,2,0.9688
llm_chain_n6,surr-pos,4,14,0.9688
llm_chain_n6,surr-pos,5,1,0.9688
llm_chain_n6,surr-pos,6,1,0.9688
llm_chain_n6,surr-pos,7,10,0.9688
llm_chain_n6,surr-pos,8,4,0.9688
llm_chain_n6,surr-pos,9,1,0.9688
llm_chain_n6,surr-pos,10,3,0.9688
llm_chain_n6,surr-pos,11,13,0.9688
llm_chain_n6,surr-pos,12,1,0.9688
llm_chain_n6,surr-pos,13,7,0.9688
llm_chain_n6,surr-pos,14,6,0.9688
llm_chain_n6,surr-prec,0,18,0.9688
llm_chain_n6,surr-prec,1,5,0.9688
llm_chain_n6,surr-prec,2,1,0.9688
llm_chain_n6,surr-prec,3,2,0.9688
llm_chain_n6,surr-prec,4,16,0.9688
llm_chain_n6,surr-prec,5,1,0.9688
llm_chain_n6,surr-prec,6,1,0.9688
llm_chain_n6,surr-prec,7,10,0.9688
llm_chain_n6,surr-prec,8,4,0.9688
llm_chain_n6,surr-prec,9,1,0.9688
llm_chain_n6,surr-prec,10,3,0.9688
llm_chain_n6,surr-prec,11,19,0.9688
llm_chain_n6,surr-prec,12,1,0.9688
llm_chain_n6,surr-prec,13,7,0.9688
llm_chain_n6,surr-prec,14,6,0.9688
llm_chain_n6,random,0,5,0.9688
llm_chain_n6,random,1,8,0.9688
llm_chain_n6,random,2,7,0.9688
llm_chain_n6,random,3,3,0.9688
llm_chain_n6,random,4,12,0.9688
llm_chain_n6,random,5,4,0.9688
llm_chain_n6,random,6,8,0.9688
llm_chain_n6,random,7,1,0.9688
llm_chain_n6,random,8,12,0.9688
llm_chain_n6,random,9,2,0.9688
llm_chain_n6,random,10,8,0.9688
llm_chain_n6,random,11,8,0.9688
llm_chain_n6,random,12,6,0.9688
llm_chain_n6,random,13,3,0.9688
llm_chain_n6,random,14,16,0.9688
kendall_n7,elitist,0,53,1.0
kendall_n7,elitist,1,60,1.0
kendall_n7,elitist,2,62,1.0
kendall_n7,elitist,3,70,1.0
kendall_n7,elitist,4,54,1.0
kendall_n7,elitist,5,32,1.0
kendall_n7,elitist,6,40,1.0
kendall_n7,elitist,7,56,1.0
kendall_n7,elitist,8,65,1.0
kendall_n7,elitist,9,71,1.0
kendall_n7,elitist,10,49,1.0
kendall_n7,elitist,11,49,1.0
kendall_n7,elitist,12,76,1.0
kendall_n7,elitist,13,34,1.0
kendall_n7,elitist,14,64,1.0
kendall_n7,aging,0,48,1.0
kendall_n7,aging,1,37,1.0
kendall_n7,aging,2,56,1.0
kendall_n7,aging,3,43,1.0
kendall_n7,aging,4,45,1.0
kendall_n7,aging,5,104,1.0
kendall_n7,aging,6,59,1.0
kendall_n7,aging,7,55,1.0
kendall_n7,aging,8,104,1.0
kendall_n7,aging,9,52,1.0
kendall_n7,aging,10,68,1.0
kendall_n7,aging,11,53,1.0
kendall_n7,aging,12,99,1.0
kendall_n7,aging,13,111,1.0
kendall_n7,aging,14,157,1.0
kendall_n7,hybrid,0,26,1.0
kendall_n7,hybrid,1,76,1.0
kendall_n7,hybrid,2,102,1.0
kendall_n7,hybrid,3,83,1.0
kendall_n7,hybrid,4,159,1.0
kendall_n7,hybrid,5,85,1.0
kendall_n7,hybrid,6,58,1.0
kendall_n7,hybrid,7,70,1.0
kendall_n7,hybrid,8,137,1.0
kendall_n7,hybrid,9,76,1.0
kendall_n7,hybrid,10,126,1.0
kendall_n7,hybrid,11,111,1.0
kendall_n7,hybrid,12,55,1.0
kendall_n7,hybrid,13,104,1.0
kendall_n7,hybrid,14,75,1.0
kendall_n7,surr-pos,0,336,0.9524
kendall_n7,surr-pos,1,280,0.9524
kendall_n7,surr-pos,2,397,0.9524
kendall_n7,surr-pos,3,399,0.9524
kendall_n7,surr-pos,4,13,1.0
kendall_n7,surr-pos,5,15,1.0
kendall_n7,surr-pos,6,82,1.0
kendall_n7,surr-pos,7,25,1.0
kendall_n7,surr-pos,8,449,0.9048
kendall_n7,surr-pos,9,42,1.0
kendall_n7,surr-pos,10,395,0.9524
kendall_n7,surr-pos,11,86,1.0
kendall_n7,surr-pos,12,35,1.0
kendall_n7,surr-pos,13,371,0.9524
kendall_n7,surr-pos,14,71,1.0
kendall_n7,surr-prec,0,14,1.0
kendall_n7,surr-prec,1,13,1.0
kendall_n7,surr-prec,2,16,1.0
kendall_n7,surr-prec,3,12,1.0
kendall_n7,surr-prec,4,14,1.0
kendall_n7,surr-prec,5,12,1.0
kendall_n7,surr-prec,6,14,1.0
kendall_n7,surr-prec,7,12,1.0
kendall_n7,surr-prec,8,14,1.0
kendall_n7,surr-prec,9,13,1.0
kendall_n7,surr-prec,10,14,1.0
kendall_n7,surr-prec,11,12,1.0
kendall_n7,surr-prec,12,15,1.0
kendall_n7,surr-prec,13,15,1.0
kendall_n7,surr-prec,14,12,1.0
kendall_n7,random,0,-1,0.8571
kendall_n7,random,1,-1,0.8095
kendall_n7,random,2,-1,0.8571
kendall_n7,random,3,-1,0.9048
kendall_n7,random,4,-1,0.8571
kendall_n7,random,5,-1,0.9524
kendall_n7,random,6,-1,0.9048
kendall_n7,random,7,-1,0.8571
kendall_n7,random,8,-1,0.9048
kendall_n7,random,9,-1,0.9524
kendall_n7,random,10,-1,0.8571
kendall_n7,random,11,-1,0.8095
kendall_n7,random,12,-1,0.9048
kendall_n7,random,13,-1,0.8571
kendall_n7,random,14,-1,0.9048
