perm,fitness
"[0, 1, 2, 3, 4, 5]",0.84375
"[0, 1, 2, 3, 5, 4]",0.9375
"[0, 1, 2, 4, 3, 5]",0.8125
"[0, 1, 2, 4, 5, 3]",0.78125
"[0, 1, 2, 5, 3, 4]",0.625
"[0, 1, 2, 5, 4, 3]",0.71875
"[0, 1, 3, 2, 4, 5]",0.9375
"[0, 1, 3, 2, 5, 4]",0.96875
"[0, 1, 3, 4, 2, 5]",0.90625
"[0, 1, 3, 4, 5, 2]",0.90625
"[0, 1, 3, 5, 2, 4]",0.9375
"[0, 1, 3, 5, 4, 2]",0.90625
"[0, 1, 4, 2, 3, 5]",0.96875
"[0, 1, 4, 2, 5, 3]",0.96875
"[0, 1, 4, 3, 2, 5]",0.9375
"[0, 1, 4, 3, 5, 2]",0.875
"[0, 1, 4, 5, 2, 3]",0.8125
"[0, 1, 4, 5, 3, 2]",0.15625
"[0, 1, 5, 2, 3, 4]",0.53125
"[0, 1, 5, 2, 4, 3]",0.53125
"[0, 1, 5, 3, 2, 4]",0.84375
"[0, 1, 5, 3, 4, 2]",0.5
"[0, 1, 5, 4, 2, 3]",0.65625
"[0, 1, 5, 4, 3, 2]",0.53125
"[0, 2, 1, 3, 4, 5]",0.875
"[0, 2, 1, 3, 5, 4]",0.96875
"[0, 2, 1, 4, 3, 5]",0.84375
"[0, 2, 1, 4, 5, 3]",0.8125
"[0, 2, 1, 5, 3, 4]",0.875
"[0, 2, 1, 5, 4, 3]",0.84375
"[0, 2, 3, 1, 4, 5]",0.84375
"[0, 2, 3, 1, 5, 4]",0.90625
"[0, 2, 3, 4, 1, 5]",0.875
"[0, 2, 3, 4, 5, 1]",0.90625
"[0, 2, 3, 5, 1, 4]",0.90625
"[0, 2, 3, 5, 4, 1]",0.90625
"[0, 2, 4, 1, 3, 5]",0.84375
"[0, 2, 4, 1, 5, 3]",0.8125
"[0, 2, 4, 3, 1, 5]",0.84375
"[0, 2, 4, 3, 5, 1]",0.875
"[0, 2, 4, 5, 1, 3]",0.8125
"[0, 2, 4, 5, 3, 1]",0.0625
"[0, 2, 5, 1, 3, 4]",0.4375
"[0, 2, 5, 1, 4, 3]",0.5
"[0, 2, 5, 3, 1, 4]",0.59375
"[0, 2, 5, 3, 4, 1]",0.1875
"[0, 2, 5, 4, 1, 3]",0.53125
"[0, 2, 5, 4, 3, 1]",0.40625
"[0, 3, 1, 2, 4, 5]",0.84375
"[0, 3, 1, 2, 5, 4]",0.96875
"[0, 3, 1, 4, 2, 5]",0.84375
"[0, 3, 1, 4, 5, 2]",0.84375
"[0, 3, 1, 5, 2, 4]",0.9375
"[0, 3, 1, 5, 4, 2]",0.9375
"[0, 3, 2, 1, 4, 5]",0.84375
"[0, 3, 2, 1, 5, 4]",0.9375
"[0, 3, 2, 4, 1, 5]",0.84375
"[0, 3, 2, 4, 5, 1]",0.6875
"[0, 3, 2, 5, 1, 4]",0.9375
"[0, 3, 2, 5, 4, 1]",0.9375
"[0, 3, 4, 1, 2, 5]",0.84375
"[0, 3, 4, 1, 5, 2]",0.90625
"[0, 3, 4, 2, 1, 5]",0.84375
"[0, 3, 4, 2, 5, 1]",0.84375
"[0, 3, 4, 5, 1, 2]",0.84375
"[0, 3, 4, 5, 2, 1]",0.9375
"[0, 3, 5, 1, 2, 4]",0.9375
"[0, 3, 5, 1, 4, 2]",0.90625
"[0, 3, 5, 2, 1, 4]",0.9375
"[0, 3, 5, 2, 4, 1]",0.875
"[0, 3, 5, 4, 1, 2]",0.90625
"[0, 3, 5, 4, 2, 1]",0.9375
"[0, 4, 1, 2, 3, 5]",0.875
"[0, 4, 1, 2, 5, 3]",0.8125
"[0, 4, 1, 3, 2, 5]",0.84375
"[0, 4, 1, 3, 5, 2]",0.84375
"[0, 4, 1, 5, 2, 3]",0.8125
"[0, 4, 1, 5, 3, 2]",0.625
"[0, 4, 2, 1, 3, 5]",0.84375
"[0, 4, 2, 1, 5, 3]",0.8125
"[0, 4, 2, 3, 1, 5]",0.84375
"[0, 4, 2, 3, 5, 1]",0.875
"[0, 4, 2, 5, 1, 3]",0.78125
"[0, 4, 2, 5, 3, 1]",0.25
"[0, 4, 3, 1, 2, 5]",0.78125
"[0, 4, 3, 1, 5, 2]",0.84375
"[0, 4, 3, 2, 1, 5]",0.875
"[0, 4, 3, 2, 5, 1]",0.75
"[0, 4, 3, 5, 1, 2]",0.84375
"[0, 4, 3, 5, 2, 1]",0.875
"[0, 4, 5, 1, 2, 3]",0.8125
"[0, 4, 5, 1, 3, 2]",0.1875
"[0, 4, 5, 2, 1, 3]",0.78125
"[0, 4, 5, 2, 3, 1]",0.15625
"[0, 4, 5, 3, 1, 2]",0.15625
"[0, 4, 5, 3, 2, 1]",0.28125
"[0, 5, 1, 2, 3, 4]",0.5
"[0, 5, 1, 2, 4, 3]",0.46875
"[0, 5, 1, 3, 2, 4]",0.4375
"[0, 5, 1, 3, 4, 2]",0.34375
"[0, 5, 1, 4, 2, 3]",0.53125
"[0, 5, 1, 4, 3, 2]",0.46875
"[0, 5, 2, 1, 3, 4]",0.4375
"[0, 5, 2, 1, 4, 3]",0.5
"[0, 5, 2, 3, 1, 4]",0.5
"[0, 5, 2, 3, 4, 1]",0.3125
"[0, 5, 2, 4, 1, 3]",0.5
"[0, 5, 2, 4, 3, 1]",0.3125
"[0, 5, 3, 1, 2, 4]",0.46875
"[0, 5, 3, 1, 4, 2]",0.3125
"[0, 5, 3, 2, 1, 4]",0.375
"[0, 5, 3, 2, 4, 1]",0.1875
"[0, 5, 3, 4, 1, 2]",0.28125
"[0, 5, 3, 4, 2, 1]",0.28125
"[0, 5, 4, 1, 2, 3]",0.625
"[0, 5, 4, 1, 3, 2]",0.4375
"[0, 5, 4, 2, 1, 3]",0.625
"[0, 5, 4, 2, 3, 1]",0.375
"[0, 5, 4, 3, 1, 2]",0.40625
"[0, 5, 4, 3, 2, 1]",0.34375
"[1, 0, 2, 3, 4, 5]",0.84375
"[1, 0, 2, 3, 5, 4]",0.96875
"[1, 0, 2, 4, 3, 5]",0.90625
"[1, 0, 2, 4, 5, 3]",0.75
"[1, 0, 2, 5, 3, 4]",0.53125
"[1, 0, 2, 5, 4, 3]",0.71875
"[1, 0, 3, 2, 4, 5]",0.8125
"[1, 0, 3, 2, 5, 4]",0.96875
"[1, 0, 3, 4, 2, 5]",0.84375
"[1, 0, 3, 4, 5, 2]",0.9375
"[1, 0, 3, 5, 2, 4]",0.96875
"[1, 0, 3, 5, 4, 2]",0.96875
"[1, 0, 4, 2, 3, 5]",0.9375
"[1, 0, 4, 2, 5, 3]",0.625
"[1, 0, 4, 3, 2, 5]",0.90625
"[1, 0, 4, 3, 5, 2]",0.96875
"[1, 0, 4, 5, 2, 3]",0.59375
"[1, 0, 4, 5, 3, 2]",0.375
"[1, 0, 5, 2, 3, 4]",0.53125
"[1, 0, 5, 2, 4, 3]",0.65625
"[1, 0, 5, 3, 2, 4]",0.5625
"[1, 0, 5, 3, 4, 2]",0.46875
"[1, 0, 5, 4, 2, 3]",0.75
"[1, 0, 5, 4, 3, 2]",0.59375
"[1, 2, 0, 3, 4, 5]",0.875
"[1, 2, 0, 3, 5, 4]",0.96875
"[1, 2, 0, 4, 3, 5]",0.9375
"[1, 2, 0, 4, 5, 3]",0.8125
"[1, 2, 0, 5, 3, 4]",0.84375
"[1, 2, 0, 5, 4, 3]",0.75
"[1, 2, 3, 0, 4, 5]",0.90625
"[1, 2, 3, 0, 5, 4]",0.96875
"[1, 2, 3, 4, 0, 5]",0.90625
"[1, 2, 3, 4, 5, 0]",0.9375
"[1, 2, 3, 5, 0, 4]",0.96875
"[1, 2, 3, 5, 4, 0]",0.96875
"[1, 2, 4, 0, 3, 5]",0.9375
"[1, 2, 4, 0, 5, 3]",0.84375
"[1, 2, 4, 3, 0, 5]",0.90625
"[1, 2, 4, 3, 5, 0]",0.84375
"[1, 2, 4, 5, 0, 3]",0.6875
"[1, 2, 4, 5, 3, 0]",0.59375
"[1, 2, 5, 0, 3, 4]",0.53125
"[1, 2, 5, 0, 4, 3]",0.65625
"[1, 2, 5, 3, 0, 4]",0.625
"[1, 2, 5, 3, 4, 0]",0.46875
"[1, 2, 5, 4, 0, 3]",0.71875
"[1, 2, 5, 4, 3, 0]",0.625
"[1, 3, 0, 2, 4, 5]",0.875
"[1, 3, 0, 2, 5, 4]",0.96875
"[1, 3, 0, 4, 2, 5]",0.875
"[1, 3, 0, 4, 5, 2]",0.90625
"[1, 3, 0, 5, 2, 4]",0.96875
"[1, 3, 0, 5, 4, 2]",0.96875
"[1, 3, 2, 0, 4, 5]",0.90625
"[1, 3, 2, 0, 5, 4]",0.9375
"[1, 3, 2, 4, 0, 5]",0.875
"[1, 3, 2, 4, 5, 0]",0.875
"[1, 3, 2, 5, 0, 4]",0.96875
"[1, 3, 2, 5, 4, 0]",0.96875
"[1, 3, 4, 0, 2, 5]",0.84375
"[1, 3, 4, 0, 5, 2]",0.9375
"[1, 3, 4, 2, 0, 5]",0.875
"[1, 3, 4, 2, 5, 0]",0.90625
"[1, 3, 4, 5, 0, 2]",0.96875
"[1, 3, 4, 5, 2, 0]",0.96875
"[1, 3, 5, 0, 2, 4]",0.96875
"[1, 3, 5, 0, 4, 2]",0.96875
"[1, 3, 5, 2, 0, 4]",0.96875
"[1, 3, 5, 2, 4, 0]",0.96875
"[1, 3, 5, 4, 0, 2]",0.96875
"[1, 3, 5, 4, 2, 0]",0.96875
"[1, 4, 0, 2, 3, 5]",0.90625
"[1, 4, 0, 2, 5, 3]",0.59375
"[1, 4, 0, 3, 2, 5]",0.90625
"[1, 4, 0, 3, 5, 2]",0.96875
"[1, 4, 0, 5, 2, 3]",0.5625
"[1, 4, 0, 5, 3, 2]",0.59375
"[1, 4, 2, 0, 3, 5]",0.90625
"[1, 4, 2, 0, 5, 3]",0.875
"[1, 4, 2, 3, 0, 5]",0.90625
"[1, 4, 2, 3, 5, 0]",0.96875
"[1, 4, 2, 5, 0, 3]",0.75
"[1, 4, 2, 5, 3, 0]",0.96875
"[1, 4, 3, 0, 2, 5]",0.875
"[1, 4, 3, 0, 5, 2]",0.96875
"[1, 4, 3, 2, 0, 5]",0.9375
"[1, 4, 3, 2, 5, 0]",0.9375
"[1, 4, 3, 5, 0, 2]",0.96875
"[1, 4, 3, 5, 2, 0]",0.96875
"[1, 4, 5, 0, 2, 3]",0.65625
"[1, 4, 5, 0, 3, 2]",0.65625
"[1, 4, 5, 2, 0, 3]",0.5625
"[1, 4, 5, 2, 3, 0]",0.625
"[1, 4, 5, 3, 0, 2]",0.6875
"[1, 4, 5, 3, 2, 0]",0.59375
"[1, 5, 0, 2, 3, 4]",0.53125
"[1, 5, 0, 2, 4, 3]",0.5625
"[1, 5, 0, 3, 2, 4]",0.4375
"[1, 5, 0, 3, 4, 2]",0.375
"[1, 5, 0, 4, 2, 3]",0.65625
"[1, 5, 0, 4, 3, 2]",0.53125
"[1, 5, 2, 0, 3, 4]",0.5625
"[1, 5, 2, 0, 4, 3]",0.4375
"[1, 5, 2, 3, 0, 4]",0.5
"[1, 5, 2, 3, 4, 0]",0.40625
"[1, 5, 2, 4, 0, 3]",0.53125
"[1, 5, 2, 4, 3, 0]",0.5
"[1, 5, 3, 0, 2, 4]",0.46875
"[1, 5, 3, 0, 4, 2]",0.40625
"[1, 5, 3, 2, 0, 4]",0.34375
"[1, 5, 3, 2, 4, 0]",0.375
"[1, 5, 3, 4, 0, 2]",0.375
"[1, 5, 3, 4, 2, 0]",0.375
"[1, 5, 4, 0, 2, 3]",0.65625
"[1, 5, 4, 0, 3, 2]",0.625
"[1, 5, 4, 2, 0, 3]",0.65625
"[1, 5, 4, 2, 3, 0]",0.53125
"[1, 5, 4, 3, 0, 2]",0.46875
"[1, 5, 4, 3, 2, 0]",0.46875
"[2, 0, 1, 3, 4, 5]",0.90625
"[2, 0, 1, 3, 5, 4]",0.9375
"[2, 0, 1, 4, 3, 5]",0.90625
"[2, 0, 1, 4, 5, 3]",0.6875
"[2, 0, 1, 5, 3, 4]",0.90625
"[2, 0, 1, 5, 4, 3]",0.71875
"[2, 0, 3, 1, 4, 5]",0.875
"[2, 0, 3, 1, 5, 4]",0.90625
"[2, 0, 3, 4, 1, 5]",0.875
"[2, 0, 3, 4, 5, 1]",0.6875
"[2, 0, 3, 5, 1, 4]",0.9375
"[2, 0, 3, 5, 4, 1]",0.9375
"[2, 0, 4, 1, 3, 5]",0.875
"[2, 0, 4, 1, 5, 3]",0.8125
"[2, 0, 4, 3, 1, 5]",0.875
"[2, 0, 4, 3, 5, 1]",0.9375
"[2, 0, 4, 5, 1, 3]",0.78125
"[2, 0, 4, 5, 3, 1]",0.5625
"[2, 0, 5, 1, 3, 4]",0.40625
"[2, 0, 5, 1, 4, 3]",0.5
"[2, 0, 5, 3, 1, 4]",0.46875
"[2, 0, 5, 3, 4, 1]",0.34375
"[2, 0, 5, 4, 1, 3]",0.65625
"[2, 0, 5, 4, 3, 1]",0.53125
"[2, 1, 0, 3, 4, 5]",0.90625
"[2, 1, 0, 3, 5, 4]",0.96875
"[2, 1, 0, 4, 3, 5]",0.90625
"[2, 1, 0, 4, 5, 3]",0.84375
"[2, 1, 0, 5, 3, 4]",0.53125
"[2, 1, 0, 5, 4, 3]",0.8125
"[2, 1, 3, 0, 4, 5]",0.84375
"[2, 1, 3, 0, 5, 4]",0.9375
"[2, 1, 3, 4, 0, 5]",0.875
"[2, 1, 3, 4, 5, 0]",0.75
"[2, 1, 3, 5, 0, 4]",0.90625
"[2, 1, 3, 5, 4, 0]",0.9375
"[2, 1, 4, 0, 3, 5]",0.9375
"[2, 1, 4, 0, 5, 3]",0.875
"[2, 1, 4, 3, 0, 5]",0.90625
"[2, 1, 4, 3, 5, 0]",0.875
"[2, 1, 4, 5, 0, 3]",0.78125
"[2, 1, 4, 5, 3, 0]",0.71875
"[2, 1, 5, 0, 3, 4]",0.59375
"[2, 1, 5, 0, 4, 3]",0.6875
"[2, 1, 5, 3, 0, 4]",0.65625
"[2, 1, 5, 3, 4, 0]",0.46875
"[2, 1, 5, 4, 0, 3]",0.90625
"[2, 1, 5, 4, 3, 0]",0.8125
"[2, 3, 0, 1, 4, 5]",0.90625
"[2, 3, 0, 1, 5, 4]",0.9375
"[2, 3, 0, 4, 1, 5]",0.84375
"[2, 3, 0, 4, 5, 1]",0.96875
"[2, 3, 0, 5, 1, 4]",0.9375
"[2, 3, 0, 5, 4, 1]",0.96875
"[2, 3, 1, 0, 4, 5]",0.875
"[2, 3, 1, 0, 5, 4]",0.9375
"[2, 3, 1, 4, 0, 5]",0.875
"[2, 3, 1, 4, 5, 0]",0.84375
"[2, 3, 1, 5, 0, 4]",0.9375
"[2, 3, 1, 5, 4, 0]",0.9375
"[2, 3, 4, 0, 1, 5]",0.9375
"[2, 3, 4, 0, 5, 1]",0.90625
"[2, 3, 4, 1, 0, 5]",0.9375
"[2, 3, 4, 1, 5, 0]",0.875
"[2, 3, 4, 5, 0, 1]",0.46875
"[2, 3, 4, 5, 1, 0]",0.5625
"[2, 3, 5, 0, 1, 4]",0.9375
"[2, 3, 5, 0, 4, 1]",0.9375
"[2, 3, 5, 1, 0, 4]",0.9375
"[2, 3, 5, 1, 4, 0]",0.9375
"[2, 3, 5, 4, 0, 1]",0.9375
"[2, 3, 5, 4, 1, 0]",0.9375
"[2, 4, 0, 1, 3, 5]",0.84375
"[2, 4, 0, 1, 5, 3]",0.90625
"[2, 4, 0, 3, 1, 5]",0.84375
"[2, 4, 0, 3, 5, 1]",0.90625
"[2, 4, 0, 5, 1, 3]",0.90625
"[2, 4, 0, 5, 3, 1]",0.90625
"[2, 4, 1, 0, 3, 5]",0.875
"[2, 4, 1, 0, 5, 3]",0.84375
"[2, 4, 1, 3, 0, 5]",0.875
"[2, 4, 1, 3, 5, 0]",0.84375
"[2, 4, 1, 5, 0, 3]",0.84375
"[2, 4, 1, 5, 3, 0]",0.84375
"[2, 4, 3, 0, 1, 5]",0.90625
"[2, 4, 3, 0, 5, 1]",0.90625
"[2, 4, 3, 1, 0, 5]",0.9375
"[2, 4, 3, 1, 5, 0]",0.9375
"[2, 4, 3, 5, 0, 1]",0.9375
"[2, 4, 3, 5, 1, 0]",0.9375
"[2, 4, 5, 0, 1, 3]",0.9375
"[2, 4, 5, 0, 3, 1]",0.875
"[2, 4, 5, 1, 0, 3]",0.90625
"[2, 4, 5, 1, 3, 0]",0.90625
"[2, 4, 5, 3, 0, 1]",0.90625
"[2, 4, 5, 3, 1, 0]",0.84375
"[2, 5, 0, 1, 3, 4]",0.4375
"[2, 5, 0, 1, 4, 3]",0.5
"[2, 5, 0, 3, 1, 4]",0.5
"[2, 5, 0, 3, 4, 1]",0.34375
"[2, 5, 0, 4, 1, 3]",0.53125
"[2, 5, 0, 4, 3, 1]",0.4375
"[2, 5, 1, 0, 3, 4]",0.4375
"[2, 5, 1, 0, 4, 3]",0.53125
"[2, 5, 1, 3, 0, 4]",0.46875
"[2, 5, 1, 3, 4, 0]",0.4375
"[2, 5, 1, 4, 0, 3]",0.5
"[2, 5, 1, 4, 3, 0]",0.40625
"[2, 5, 3, 0, 1, 4]",0.46875
"[2, 5, 3, 0, 4, 1]",0.40625
"[2, 5, 3, 1, 0, 4]",0.5625
"[2, 5, 3, 1, 4, 0]",0.40625
"[2, 5, 3, 4, 0, 1]",0.4375
"[2, 5, 3, 4, 1, 0]",0.40625
"[2, 5, 4, 0, 1, 3]",0.65625
"[2, 5, 4, 0, 3, 1]",0.46875
"[2, 5, 4, 1, 0, 3]",0.6875
"[2, 5, 4, 1, 3, 0]",0.59375
"[2, 5, 4, 3, 0, 1]",0.5625
"[2, 5, 4, 3, 1, 0]",0.53125
"[3, 0, 1, 2, 4, 5]",0.875
"[3, 0, 1, 2, 5, 4]",0.90625
"[3, 0, 1, 4, 2, 5]",0.875
"[3, 0, 1, 4, 5, 2]",0.90625
"[3, 0, 1, 5, 2, 4]",0.9375
"[3, 0, 1, 5, 4, 2]",0.96875
"[3, 0, 2, 1, 4, 5]",0.875
"[3, 0, 2, 1, 5, 4]",0.9375
"[3, 0, 2, 4, 1, 5]",0.84375
"[3, 0, 2, 4, 5, 1]",0.84375
"[3, 0, 2, 5, 1, 4]",0.90625
"[3, 0, 2, 5, 4, 1]",0.90625
"[3, 0, 4, 1, 2, 5]",0.84375
"[3, 0, 4, 1, 5, 2]",0.84375
"[3, 0, 4, 2, 1, 5]",0.875
"[3, 0, 4, 2, 5, 1]",0.90625
"[3, 0, 4, 5, 1, 2]",0.9375
"[3, 0, 4, 5, 2, 1]",0.9375
"[3, 0, 5, 1, 2, 4]",0.875
"[3, 0, 5, 1, 4, 2]",0.9375
"[3, 0, 5, 2, 1, 4]",0.875
"[3, 0, 5, 2, 4, 1]",0.9375
"[3, 0, 5, 4, 1, 2]",0.90625
"[3, 0, 5, 4, 2, 1]",0.96875
"[3, 1, 0, 2, 4, 5]",0.90625
"[3, 1, 0, 2, 5, 4]",0.90625
"[3, 1, 0, 4, 2, 5]",0.875
"[3, 1, 0, 4, 5, 2]",0.875
"[3, 1, 0, 5, 2, 4]",0.9375
"[3, 1, 0, 5, 4, 2]",0.9375
"[3, 1, 2, 0, 4, 5]",0.9375
"[3, 1, 2, 0, 5, 4]",0.90625
"[3, 1, 2, 4, 0, 5]",0.875
"[3, 1, 2, 4, 5, 0]",0.71875
"[3, 1, 2, 5, 0, 4]",0.9375
"[3, 1, 2, 5, 4, 0]",0.9375
"[3, 1, 4, 0, 2, 5]",0.90625
"[3, 1, 4, 0, 5, 2]",0.90625
"[3, 1, 4, 2, 0, 5]",0.875
"[3, 1, 4, 2, 5, 0]",0.90625
"[3, 1, 4, 5, 0, 2]",0.90625
"[3, 1, 4, 5, 2, 0]",0.9375
"[3, 1, 5, 0, 2, 4]",0.9375
"[3, 1, 5, 0, 4, 2]",0.9375
"[3, 1, 5, 2, 0, 4]",0.9375
"[3, 1, 5, 2, 4, 0]",0.90625
"[3, 1, 5, 4, 0, 2]",0.96875
"[3, 1, 5, 4, 2, 0]",0.9375
"[3, 2, 0, 1, 4, 5]",0.875
"[3, 2, 0, 1, 5, 4]",0.875
"[3, 2, 0, 4, 1, 5]",0.875
"[3, 2, 0, 4, 5, 1]",0.8125
"[3, 2, 0, 5, 1, 4]",0.9375
"[3, 2, 0, 5, 4, 1]",0.84375
"[3, 2, 1, 0, 4, 5]",0.78125
"[3, 2, 1, 0, 5, 4]",0.84375
"[3, 2, 1, 4, 0, 5]",0.84375
"[3, 2, 1, 4, 5, 0]",0.90625
"[3, 2, 1, 5, 0, 4]",0.9375
"[3, 2, 1, 5, 4, 0]",0.96875
"[3, 2, 4, 0, 1, 5]",0.84375
"[3, 2, 4, 0, 5, 1]",0.9375
"[3, 2, 4, 1, 0, 5]",0.875
"[3, 2, 4, 1, 5, 0]",0.84375
"[3, 2, 4, 5, 0, 1]",0.90625
"[3, 2, 4, 5, 1, 0]",0.875
"[3, 2, 5, 0, 1, 4]",0.96875
"[3, 2, 5, 0, 4, 1]",0.96875
"[3, 2, 5, 1, 0, 4]",0.96875
"[3, 2, 5, 1, 4, 0]",0.875
"[3, 2, 5, 4, 0, 1]",0.90625
"[3, 2, 5, 4, 1, 0]",0.9375
"[3, 4, 0, 1, 2, 5]",0.875
"[3, 4, 0, 1, 5, 2]",0.90625
"[3, 4, 0, 2, 1, 5]",0.875
"[3, 4, 0, 2, 5, 1]",0.875
"[3, 4, 0, 5, 1, 2]",0.96875
"[3, 4, 0, 5, 2, 1]",0.875
"[3, 4, 1, 0, 2, 5]",0.875
"[3, 4, 1, 0, 5, 2]",0.875
"[3, 4, 1, 2, 0, 5]",0.875
"[3, 4, 1, 2, 5, 0]",0.8125
"[3, 4, 1, 5, 0, 2]",0.875
"[3, 4, 1, 5, 2, 0]",0.90625
"[3, 4, 2, 0, 1, 5]",0.84375
"[3, 4, 2, 0, 5, 1]",0.875
"[3, 4, 2, 1, 0, 5]",0.875
"[3, 4, 2, 1, 5, 0]",0.875
"[3, 4, 2, 5, 0, 1]",0.9375
"[3, 4, 2, 5, 1, 0]",0.90625
"[3, 4, 5, 0, 1, 2]",0.9375
"[3, 4, 5, 0, 2, 1]",0.875
"[3, 4, 5, 1, 0, 2]",0.90625
"[3, 4, 5, 1, 2, 0]",0.875
"[3, 4, 5, 2, 0, 1]",0.90625
"[3, 4, 5, 2, 1, 0]",0.84375
"[3, 5, 0, 1, 2, 4]",0.9375
"[3, 5, 0, 1, 4, 2]",0.96875
"[3, 5, 0, 2, 1, 4]",0.96875
"[3, 5, 0, 2, 4, 1]",0.90625
"[3, 5, 0, 4, 1, 2]",0.96875
"[3, 5, 0, 4, 2, 1]",0.9375
"[3, 5, 1, 0, 2, 4]",0.96875
"[3, 5, 1, 0, 4, 2]",0.96875
"[3, 5, 1, 2, 0, 4]",0.9375
"[3, 5, 1, 2, 4, 0]",0.96875
"[3, 5, 1, 4, 0, 2]",0.96875
"[3, 5, 1, 4, 2, 0]",0.9375
"[3, 5, 2, 0, 1, 4]",0.9375
"[3, 5, 2, 0, 4, 1]",0.9375
"[3, 5, 2, 1, 0, 4]",0.96875
"[3, 5, 2, 1, 4, 0]",0.90625
"[3, 5, 2, 4, 0, 1]",0.96875
"[3, 5, 2, 4, 1, 0]",0.9375
"[3, 5, 4, 0, 1, 2]",0.96875
"[3, 5, 4, 0, 2, 1]",0.96875
"[3, 5, 4, 1, 0, 2]",0.9375
"[3, 5, 4, 1, 2, 0]",0.9375
"[3, 5, 4, 2, 0, 1]",0.96875
"[3, 5, 4, 2, 1, 0]",0.9375
"[4, 0, 1, 2, 3, 5]",0.90625
"[4, 0, 1, 2, 5, 3]",0.78125
"[4, 0, 1, 3, 2, 5]",0.875
"[4, 0, 1, 3, 5, 2]",0.96875
"[4, 0, 1, 5, 2, 3]",0.75
"[4, 0, 1, 5, 3, 2]",0.28125
"[4, 0, 2, 1, 3, 5]",0.875
"[4, 0, 2, 1, 5, 3]",0.875
"[4, 0, 2, 3, 1, 5]",0.9375
"[4, 0, 2, 3, 5, 1]",0.90625
"[4, 0, 2, 5, 1, 3]",0.71875
"[4, 0, 2, 5, 3, 1]",0.125
"[4, 0, 3, 1, 2, 5]",0.84375
"[4, 0, 3, 1, 5, 2]",0.90625
"[4, 0, 3, 2, 1, 5]",0.875
"[4, 0, 3, 2, 5, 1]",0.875
"[4, 0, 3, 5, 1, 2]",0.9375
"[4, 0, 3, 5, 2, 1]",0.96875
"[4, 0, 5, 1, 2, 3]",0.875
"[4, 0, 5, 1, 3, 2]",0.6875
"[4, 0, 5, 2, 1, 3]",0.90625
"[4, 0, 5, 2, 3, 1]",0.625
"[4, 0, 5, 3, 1, 2]",0.375
"[4, 0, 5, 3, 2, 1]",0.5625
"[4, 1, 0, 2, 3, 5]",0.875
"[4, 1, 0, 2, 5, 3]",0.78125
"[4, 1, 0, 3, 2, 5]",0.875
"[4, 1, 0, 3, 5, 2]",0.875
"[4, 1, 0, 5, 2, 3]",0.78125
"[4, 1, 0, 5, 3, 2]",0.0625
"[4, 1, 2, 0, 3, 5]",0.84375
"[4, 1, 2, 0, 5, 3]",0.84375
"[4, 1, 2, 3, 0, 5]",0.875
"[4, 1, 2, 3, 5, 0]",0.875
"[4, 1, 2, 5, 0, 3]",0.59375
"[4, 1, 2, 5, 3, 0]",0.84375
"[4, 1, 3, 0, 2, 5]",0.84375
"[4, 1, 3, 0, 5, 2]",0.875
"[4, 1, 3, 2, 0, 5]",0.8125
"[4, 1, 3, 2, 5, 0]",0.875
"[4, 1, 3, 5, 0, 2]",0.875
"[4, 1, 3, 5, 2, 0]",0.90625
"[4, 1, 5, 0, 2, 3]",0.75
"[4, 1, 5, 0, 3, 2]",0.625
"[4, 1, 5, 2, 0, 3]",0.71875
"[4, 1, 5, 2, 3, 0]",0.71875
"[4, 1, 5, 3, 0, 2]",0.625
"[4, 1, 5, 3, 2, 0]",0.5
"[4, 2, 0, 1, 3, 5]",0.875
"[4, 2, 0, 1, 5, 3]",0.875
"[4, 2, 0, 3, 1, 5]",0.875
"[4, 2, 0, 3, 5, 1]",0.875
"[4, 2, 0, 5, 1, 3]",0.90625
"[4, 2, 0, 5, 3, 1]",0.0625
"[4, 2, 1, 0, 3, 5]",0.84375
"[4, 2, 1, 0, 5, 3]",0.8125
"[4, 2, 1, 3, 0, 5]",0.90625
"[4, 2, 1, 3, 5, 0]",0.84375
"[4, 2, 1, 5, 0, 3]",0.8125
"[4, 2, 1, 5, 3, 0]",0.875
"[4, 2, 3, 0, 1, 5]",0.90625
"[4, 2, 3, 0, 5, 1]",0.6875
"[4, 2, 3, 1, 0, 5]",0.90625
"[4, 2, 3, 1, 5, 0]",0.875
"[4, 2, 3, 5, 0, 1]",0.875
"[4, 2, 3, 5, 1, 0]",0.9375
"[4, 2, 5, 0, 1, 3]",0.78125
"[4, 2, 5, 0, 3, 1]",0.53125
"[4, 2, 5, 1, 0, 3]",0.84375
"[4, 2, 5, 1, 3, 0]",0.65625
"[4, 2, 5, 3, 0, 1]",0.5
"[4, 2, 5, 3, 1, 0]",0.375
"[4, 3, 0, 1, 2, 5]",0.875
"[4, 3, 0, 1, 5, 2]",0.875
"[4, 3, 0, 2, 1, 5]",0.875
"[4, 3, 0, 2, 5, 1]",0.84375
"[4, 3, 0, 5, 1, 2]",0.84375
"[4, 3, 0, 5, 2, 1]",0.75
"[4, 3, 1, 0, 2, 5]",0.84375
"[4, 3, 1, 0, 5, 2]",0.75
"[4, 3, 1, 2, 0, 5]",0.75
"[4, 3, 1, 2, 5, 0]",0.875
"[4, 3, 1, 5, 0, 2]",0.96875
"[4, 3, 1, 5, 2, 0]",0.96875
"[4, 3, 2, 0, 1, 5]",0.8125
"[4, 3, 2, 0, 5, 1]",0.5
"[4, 3, 2, 1, 0, 5]",0.1875
"[4, 3, 2, 1, 5, 0]",0.71875
"[4, 3, 2, 5, 0, 1]",0.9375
"[4, 3, 2, 5, 1, 0]",0.9375
"[4, 3, 5, 0, 1, 2]",0.9375
"[4, 3, 5, 0, 2, 1]",0.90625
"[4, 3, 5, 1, 0, 2]",0.9375
"[4, 3, 5, 1, 2, 0]",0.90625
"[4, 3, 5, 2, 0, 1]",0.9375
"[4, 3, 5, 2, 1, 0]",0.9375
"[4, 5, 0, 1, 2, 3]",0.875
"[4, 5, 0, 1, 3, 2]",0.34375
"[4, 5, 0, 2, 1, 3]",0.90625
"[4, 5, 0, 2, 3, 1]",0.34375
"[4, 5, 0, 3, 1, 2]",0.375
"[4, 5, 0, 3, 2, 1]",0.34375
"[4, 5, 1, 0, 2, 3]",0.875
"[4, 5, 1, 0, 3, 2]",0.5625
"[4, 5, 1, 2, 0, 3]",0.875
"[4, 5, 1, 2, 3, 0]",0.3125
"[4, 5, 1, 3, 0, 2]",0.28125
"[4, 5, 1, 3, 2, 0]",0.34375
"[4, 5, 2, 0, 1, 3]",0.90625
"[4, 5, 2, 0, 3, 1]",0.34375
"[4, 5, 2, 1, 0, 3]",0.84375
"[4, 5, 2, 1, 3, 0]",0.28125
"[4, 5, 2, 3, 0, 1]",0.1875
"[4, 5, 2, 3, 1, 0]",0.34375
"[4, 5, 3, 0, 1, 2]",0.75
"[4, 5, 3, 0, 2, 1]",0.59375
"[4, 5, 3, 1, 0, 2]",0.875
"[4, 5, 3, 1, 2, 0]",0.5
"[4, 5, 3, 2, 0, 1]",0.625
"[4, 5, 3, 2, 1, 0]",0.40625
"[5, 0, 1, 2, 3, 4]",0.375
"[5, 0, 1, 2, 4, 3]",0.40625
"[5, 0, 1, 3, 2, 4]",0.40625
"[5, 0, 1, 3, 4, 2]",0.40625
"[5, 0, 1, 4, 2, 3]",0.4375
"[5, 0, 1, 4, 3, 2]",0.4375
"[5, 0, 2, 1, 3, 4]",0.375
"[5, 0, 2, 1, 4, 3]",0.40625
"[5, 0, 2, 3, 1, 4]",0.40625
"[5, 0, 2, 3, 4, 1]",0.40625
"[5, 0, 2, 4, 1, 3]",0.4375
"[5, 0, 2, 4, 3, 1]",0.4375
"[5, 0, 3, 1, 2, 4]",0.40625
"[5, 0, 3, 1, 4, 2]",0.40625
"[5, 0, 3, 2, 1, 4]",0.40625
"[5, 0, 3, 2, 4, 1]",0.40625
"[5, 0, 3, 4, 1, 2]",0.40625
"[5, 0, 3, 4, 2, 1]",0.40625
"[5, 0, 4, 1, 2, 3]",0.5
"[5, 0, 4, 1, 3, 2]",0.46875
"[5, 0, 4, 2, 1, 3]",0.59375
"[5, 0, 4, 2, 3, 1]",0.46875
"[5, 0, 4, 3, 1, 2]",0.46875
"[5, 0, 4, 3, 2, 1]",0.53125
"[5, 1, 0, 2, 3, 4]",0.40625
"[5, 1, 0, 2, 4, 3]",0.4375
"[5, 1, 0, 3, 2, 4]",0.4375
"[5, 1, 0, 3, 4, 2]",0.40625
"[5, 1, 0, 4, 2, 3]",0.40625
"[5, 1, 0, 4, 3, 2]",0.40625
"[5, 1, 2, 0, 3, 4]",0.46875
"[5, 1, 2, 0, 4, 3]",0.4375
"[5, 1, 2, 3, 0, 4]",0.46875
"[5, 1, 2, 3, 4, 0]",0.375
"[5, 1, 2, 4, 0, 3]",0.4375
"[5, 1, 2, 4, 3, 0]",0.40625
"[5, 1, 3, 0, 2, 4]",0.46875
"[5, 1, 3, 0, 4, 2]",0.375
"[5, 1, 3, 2, 0, 4]",0.46875
"[5, 1, 3, 2, 4, 0]",0.40625
"[5, 1, 3, 4, 0, 2]",0.375
"[5, 1, 3, 4, 2, 0]",0.375
"[5, 1, 4, 0, 2, 3]",0.53125
"[5, 1, 4, 0, 3, 2]",0.46875
"[5, 1, 4, 2, 0, 3]",0.53125
"[5, 1, 4, 2, 3, 0]",0.46875
"[5, 1, 4, 3, 0, 2]",0.4375
"[5, 1, 4, 3, 2, 0]",0.46875
"[5, 2, 0, 1, 3, 4]",0.5
"[5, 2, 0, 1, 4, 3]",0.375
"[5, 2, 0, 3, 1, 4]",0.4375
"[5, 2, 0, 3, 4, 1]",0.4375
"[5, 2, 0, 4, 1, 3]",0.375
"[5, 2, 0, 4, 3, 1]",0.375
"[5, 2, 1, 0, 3, 4]",0.375
"[5, 2, 1, 0, 4, 3]",0.4375
"[5, 2, 1, 3, 0, 4]",0.40625
"[5, 2, 1, 3, 4, 0]",0.375
"[5, 2, 1, 4, 0, 3]",0.40625
"[5, 2, 1, 4, 3, 0]",0.40625
"[5, 2, 3, 0, 1, 4]",0.46875
"[5, 2, 3, 0, 4, 1]",0.375
"[5, 2, 3, 1, 0, 4]",0.40625
"[5, 2, 3, 1, 4, 0]",0.40625
"[5, 2, 3, 4, 0, 1]",0.375
"[5, 2, 3, 4, 1, 0]",0.4375
"[5, 2, 4, 0, 1, 3]",0.375
"[5, 2, 4, 0, 3, 1]",0.375
"[5, 2, 4, 1, 0, 3]",0.4375
"[5, 2, 4, 1, 3, 0]",0.46875
"[5, 2, 4, 3, 0, 1]",0.4375
"[5, 2, 4, 3, 1, 0]",0.25
"[5, 3, 0, 1, 2, 4]",0.4375
"[5, 3, 0, 1, 4, 2]",0.34375
"[5, 3, 0, 2, 1, 4]",0.375
"[5, 3, 0, 2, 4, 1]",0.46875
"[5, 3, 0, 4, 1, 2]",0.40625
"[5, 3, 0, 4, 2, 1]",0.3125
"[5, 3, 1, 0, 2, 4]",0.4375
"[5, 3, 1, 0, 4, 2]",0.3125
"[5, 3, 1, 2, 0, 4]",0.4375
"[5, 3, 1, 2, 4, 0]",0.34375
"[5, 3, 1, 4, 0, 2]",0.40625
"[5, 3, 1, 4, 2, 0]",0.3125
"[5, 3, 2, 0, 1, 4]",0.375
"[5, 3, 2, 0, 4, 1]",0.375
"[5, 3, 2, 1, 0, 4]",0.375
"[5, 3, 2, 1, 4, 0]",0.34375
"[5, 3, 2, 4, 0, 1]",0.28125
"[5, 3, 2, 4, 1, 0]",0.3125
"[5, 3, 4, 0, 1, 2]",0.34375
"[5, 3, 4, 0, 2, 1]",0.21875
"[5, 3, 4, 1, 0, 2]",0.3125
"[5, 3, 4, 1, 2, 0]",0.40625
"[5, 3, 4, 2, 0, 1]",0.375
"[5, 3, 4, 2, 1, 0]",0.28125
"[5, 4, 0, 1, 2, 3]",0.6875
"[5, 4, 0, 1, 3, 2]",0.625
"[5, 4, 0, 2, 1, 3]",0.65625
"[5, 4, 0, 2, 3, 1]",0.65625
"[5, 4, 0, 3, 1, 2]",0.65625
"[5, 4, 0, 3, 2, 1]",0.59375
"[5, 4, 1, 0, 2, 3]",0.5625
"[5, 4, 1, 0, 3, 2]",0.4375
"[5, 4, 1, 2, 0, 3]",0.59375
"[5, 4, 1, 2, 3, 0]",0.65625
"[5, 4, 1, 3, 0, 2]",0.625
"[5, 4, 1, 3, 2, 0]",0.5
"[5, 4, 2, 0, 1, 3]",0.65625
"[5, 4, 2, 0, 3, 1]",0.5625
"[5, 4, 2, 1, 0, 3]",0.53125
"[5, 4, 2, 1, 3, 0]",0.53125
"[5, 4, 2, 3, 0, 1]",0.65625
"[5, 4, 2, 3, 1, 0]",0.46875
"[5, 4, 3, 0, 1, 2]",0.40625
"[5, 4, 3, 0, 2, 1]",0.46875
"[5, 4, 3, 1, 0, 2]",0.53125
"[5, 4, 3, 1, 2, 0]",0.28125
"[5, 4, 3, 2, 0, 1]",0.4375
"[5, 4, 3, 2, 1, 0]",0.28125
